<?xml version="1.0" encoding="UTF-8"?>
<lasad-users>
	<user>
		<nickname>Administrator</nickname>
		<password>adminpw</password>
		<role>Developer</role>
	</user>
	<user>
		<nickname>DFKI</nickname>
		<password>dfkiclient</password>
		<role>Standard</role>
	</user>
	
	<user>
		<nickname>Johannes Veit</nickname>
		<password>p</password>
		<role>Guest</role>
	</user>
	<user>
		<nickname>Christina Alt</nickname>
		<password>p</password>
		<role>Guest</role>
	</user>
	<user>
		<nickname>Maria Schneider</nickname>
		<password>p</password>
		<role>Guest</role>
	</user>
	<user>
		<nickname>Hilde Becker</nickname>
		<password>p</password>
		<role>Guest</role>
	</user>
	<user>
		<nickname>Werner Rein</nickname>
		<password>p</password>
		<role>Guest</role>
	</user>
	<user>
		<nickname>Aline Becker</nickname>
		<password>p</password>
		<role>Guest</role>
	</user>
	<user>
		<nickname>John Doet</nickname>
		<password>p</password>
		<role>Guest</role>
	</user>
	<user>
		<nickname>Sabrine Dietz</nickname>
		<password>p</password>
		<role>Guest</role>
	</user>
	<user>
		<nickname>Sato Huwi</nickname>
		<password>p</password>
		<role>Guest</role>
	</user>
	<user>
		<nickname>Maja Prazz</nickname>
		<password>p</password>
		<role>Guest</role>
	</user>
	<user>
		<nickname>Stefan Geimer</nickname>
		<password>p</password>
		<role>Guest</role>
	</user>
	<user>
		<nickname>Katja Gross</nickname>
		<password>p</password>
		<role>Guest</role>
	</user>
	<user>
		<nickname>Extra5</nickname>
		<password>p</password>
		<role>Guest</role>
	</user>
	<user>
		<nickname>Extra6</nickname>
		<password>p</password>
		<role>Guest</role>
	</user>
	<user>
		<nickname>Extra7</nickname>
		<password>p</password>
		<role>Guest</role>
	</user>
	<user>
		<nickname>Extra8</nickname>
		<password>p</password>
		<role>Guest</role>
	</user>
	<user>
		<nickname>Extra9</nickname>
		<password>p</password>
		<role>Guest</role>
	</user>
	
	<user>
		<nickname>admin</nickname>
		<password>cscl</password>
		<role>Developer</role>
	</user>
	<user>
		<nickname>s6</nickname>
		<password>p</password>
		<role>Developer</role>
	</user>
	<user>
		<nickname>s7</nickname>
		<password>p</password>
		<role>Developer</role>
	</user>
	<user>
		<nickname>s8</nickname>
		<password>p</password>
		<role>Developer</role>
	</user>
	<user>
		<nickname>s9</nickname>
		<password>p</password>
		<role>Developer</role>
	</user>
	<user>
		<nickname>s10</nickname>
		<password>p</password>
		<role>Developer</role>
	</user>
</lasad-users>