<?xml version="1.0" encoding="UTF-8"?>
<lasad-users>
	<user>
		<nickname>Bob</nickname>
		<password>Bob</password>
		<role>Standard</role>
	</user>
	<user>
		<nickname>Stuart</nickname>
		<password>Stuart</password>
		<role>Standard</role>
	</user>
	<user>
		<nickname>Alice</nickname>
		<password>Alice</password>
		<role>Standard</role>
	</user>
	<user>
		<nickname>Maria</nickname>
		<password>Maria</password>
		<role>Standard</role>
	</user>
	<user>
		<nickname>Teacher</nickname>
		<password>Teacher</password>
		<role>Developer</role>
	</user>
	<user>
		<nickname>Bob1</nickname>
		<password>Bob1</password>
		<role>Standard</role>
	</user>
	<user>
		<nickname>Stuart1</nickname>
		<password>Stuart1</password>
		<role>Standard</role>
	</user>
	<user>
		<nickname>Alice1</nickname>
		<password>Alice1</password>
		<role>Standard</role>
	</user>
	<user>
		<nickname>Maria1</nickname>
		<password>Maria1</password>
		<role>Standard</role>
	</user>
	<user>
		<nickname>Teacher1</nickname>
		<password>Teacher1</password>
		<role>Developer</role>
	</user>
	
</lasad-users>
