<?xml version="1.0" encoding="UTF-8"?>
<lasad-users>
	<user>
		<nickname>ETL1</nickname>
		<password>ETL1</password>
		<role>Standard</role>
	</user>
	<user>
		<nickname>ETL2</nickname>
		<password>ETL2</password>
		<role>Standard</role>
	</user>
	<user>
		<nickname>ETL3</nickname>
		<password>ETL3</password>
		<role>Standard</role>
	</user>
	<user>
		<nickname>ETL4</nickname>
		<password>ETL4</password>
		<role>Standard</role>
	</user>
	<user>
		<nickname>ETL5</nickname>
		<password>ETL5</password>
		<role>Standard</role>
	</user>
	<user>
		<nickname>ETL_D1</nickname>
		<password>ETL_D1</password>
		<role>Developer</role>
	</user>
	<user>
		<nickname>ETL_D2</nickname>
		<password>ETL_D2</password>
		<role>Developer</role>
	</user>
	<user>
		<nickname>ETL_D3</nickname>
		<password>ETL_D3</password>
		<role>Developer</role>
	</user>
	
</lasad-users>
