<?xml version="1.0" encoding="UTF-8"?>
<lasad-users>
	<user>
		<nickname>HUJI1</nickname>
		<password>HUJI1</password>
		<role>Standard</role>
	</user>
	<user>
		<nickname>HUJI2</nickname>
		<password>HUJI2</password>
		<role>Standard</role>
	</user>
	<user>
		<nickname>HUJI3</nickname>
		<password>HUJI3</password>
		<role>Standard</role>
	</user>
	<user>
		<nickname>HUJI4</nickname>
		<password>HUJI4</password>
		<role>Standard</role>
	</user>
	<user>
		<nickname>HUJI5</nickname>
		<password>HUJI5</password>
		<role>Standard</role>
	</user>
	<user>
		<nickname>HUJI_D1</nickname>
		<password>HUJI_D1</password>
		<role>Developer</role>
	</user>
	<user>
		<nickname>HUJI_D2</nickname>
		<password>HUJI_D2</password>
		<role>Developer</role>
	</user>
	<user>
		<nickname>HUJI_D3</nickname>
		<password>HUJI_D3</password>
		<role>Developer</role>
	</user>
	
</lasad-users>
