<?xml version="1.0" encoding="UTF-8"?>
<lasad-users>
	<user>
		<nickname>KUEI1</nickname>
		<password>KUEI1</password>
		<role>Standard</role>
	</user>
	<user>
		<nickname>KUEI2</nickname>
		<password>KUEI2</password>
		<role>Standard</role>
	</user>
	<user>
		<nickname>KUEI3</nickname>
		<password>KUEI3</password>
		<role>Standard</role>
	</user>
	<user>
		<nickname>KUEI4</nickname>
		<password>KUEI4</password>
		<role>Standard</role>
	</user>
	<user>
		<nickname>KUEI5</nickname>
		<password>KUEI5</password>
		<role>Standard</role>
	</user>
	<user>
		<nickname>KUEI_D1</nickname>
		<password>KUEI_D1</password>
		<role>Developer</role>
	</user>
	<user>
		<nickname>KUEI_D2</nickname>
		<password>KUEI_D2</password>
		<role>Developer</role>
	</user>
	<user>
		<nickname>KUEI_D3</nickname>
		<password>KUEI_D3</password>
		<role>Developer</role>
	</user>
	
</lasad-users>
