<?xml version="1.0" encoding="UTF-8"?>
<lasad-users>
	<user>
		<nickname>LKL1</nickname>
		<password>LKL1</password>
		<role>Standard</role>
	</user>
	<user>
		<nickname>LKL2</nickname>
		<password>LKL2</password>
		<role>Standard</role>
	</user>
	<user>
		<nickname>LKL3</nickname>
		<password>LKL3</password>
		<role>Standard</role>
	</user>
	<user>
		<nickname>LKL4</nickname>
		<password>LKL4</password>
		<role>Standard</role>
	</user>
	<user>
		<nickname>LKL5</nickname>
		<password>LKL5</password>
		<role>Standard</role>
	</user>
	<user>
		<nickname>LKL_D1</nickname>
		<password>LKL_D1</password>
		<role>Developer</role>
	</user>
	<user>
		<nickname>LKL_D2</nickname>
		<password>LKL_D2</password>
		<role>Developer</role>
	</user>
	<user>
		<nickname>LKL_D3</nickname>
		<password>LKL_D3</password>
		<role>Developer</role>
	</user>
	
</lasad-users>
