<?xml version="1.0" encoding="UTF-8"?>
<lasad-users>
	<user>
		<nickname>TL1</nickname>
		<password>TL1</password>
		<role>Standard</role>
	</user>
	<user>
		<nickname>TL2</nickname>
		<password>TL2</password>
		<role>Standard</role>
	</user>
	<user>
		<nickname>TL3</nickname>
		<password>TL3</password>
		<role>Standard</role>
	</user>
	<user>
		<nickname>TL4</nickname>
		<password>TL4</password>
		<role>Standard</role>
	</user>
	<user>
		<nickname>TL5</nickname>
		<password>TL5</password>
		<role>Standard</role>
	</user>
	<user>
		<nickname>TL_D1</nickname>
		<password>TL_D1</password>
		<role>Developer</role>
	</user>
	<user>
		<nickname>TL_D2</nickname>
		<password>TL_D2</password>
		<role>Developer</role>
	</user>
	<user>
		<nickname>TL_D3</nickname>
		<password>TL_D3</password>
		<role>Developer</role>
	</user>
	
</lasad-users>
