<?xml version="1.0" encoding="UTF-8"?>
<lasad-users>
	<user>
		<nickname>UDS1</nickname>
		<password>UDS1</password>
		<role>Standard</role>
	</user>
	<user>
		<nickname>UDS2</nickname>
		<password>UDS2</password>
		<role>Standard</role>
	</user>
	<user>
		<nickname>UDS3</nickname>
		<password>UDS3</password>
		<role>Standard</role>
	</user>
	<user>
		<nickname>UDS4</nickname>
		<password>UDS4</password>
		<role>Standard</role>
	</user>
	<user>
		<nickname>UDS5</nickname>
		<password>UDS5</password>
		<role>Standard</role>
	</user>
	<user>
		<nickname>UDS_D1</nickname>
		<password>UDS_D1</password>
		<role>Developer</role>
	</user>
	<user>
		<nickname>UDS_D2</nickname>
		<password>UDS_D2</password>
		<role>Developer</role>
	</user>
	<user>
		<nickname>UDS_D3</nickname>
		<password>UDS_D3</password>
		<role>Developer</role>
	</user>
	
</lasad-users>
