<?xml version="1.0" encoding="UTF-8"?>
<lasad-users>
	<user>
		<nickname>UNEXE1</nickname>
		<password>UNEXE1</password>
		<role>Standard</role>
	</user>
	<user>
		<nickname>UNEXE2</nickname>
		<password>UNEXE2</password>
		<role>Standard</role>
	</user>
	<user>
		<nickname>UNEXE3</nickname>
		<password>UNEXE3</password>
		<role>Standard</role>
	</user>
	<user>
		<nickname>UNEXE4</nickname>
		<password>UNEXE4</password>
		<role>Standard</role>
	</user>
	<user>
		<nickname>UNEXE5</nickname>
		<password>UNEXE5</password>
		<role>Standard</role>
	</user>
	<user>
		<nickname>UNEXE_D1</nickname>
		<password>UNEXE_D1</password>
		<role>Developer</role>
	</user>
	<user>
		<nickname>UNEXE_D2</nickname>
		<password>UNEXE_D2</password>
		<role>Developer</role>
	</user>
	<user>
		<nickname>UNEXE_D3</nickname>
		<password>UNEXE_D3</password>
		<role>Developer</role>
	</user>
	
</lasad-users>
