<?xml version="1.0" encoding="UTF-8"?>
<lasad-maps>
	
	<map>
		<name>Behaviorismus-Peter Frei</name>
		<template>facebook</template>
		<creator>admin</creator>
		<restricted-to-user>
        	<user>Peter Frei</user> 
        </restricted-to-user>
	</map>
	
	<map>
		<name>Behaviorismus-Claudia Schmidt</name>
		<template>facebook</template>
		<creator>admin</creator>
		<restricted-to-user>
        	<user>Claudia Schmidt</user> 
        </restricted-to-user>
	</map>
	
	<map>
		<name>Behaviorismus-Hanna Wisser</name>
		<template>facebook</template>
		<creator>admin</creator>
		<restricted-to-user>
        	<user>Hanna Wisser</user> 
        </restricted-to-user>
	</map>
	
	<map>
		<name>Behaviorismus-Faith Anderson</name>
		<template>facebook</template>
		<creator>admin</creator>
		<restricted-to-user>
        	<user>Faith Anderson</user> 
        </restricted-to-user>
	</map>
	
	<map>
		<name>Behaviorismus-Kathrin Mueller</name>
		<template>facebook</template>
		<creator>admin</creator>
		<restricted-to-user>
        	<user>Kathrin Mueller</user> 
        </restricted-to-user>
	</map>
	
	<map>
		<name>Behaviorismus-Juliane Laeufer</name>
		<template>facebook</template>
		<creator>admin</creator>
		<restricted-to-user>
        	<user>Juliane Laeufer</user> 
        </restricted-to-user>
	</map>
	
	<map>
		<name>Behaviorismus-Robert Marley</name>
		<template>facebook</template>
		<creator>admin</creator>
		<restricted-to-user>
        	<user>Robert Marley</user> 
        </restricted-to-user>
	</map>
	
	<map>
		<name>Behaviorismus-Nadine Bechert</name>
		<template>facebook</template>
		<creator>admin</creator>
		<restricted-to-user>
        	<user>Nadine Bechert</user> 
        </restricted-to-user>
	</map>
	
	<map>
		<name>Behaviorismus-Fabian Hauck</name>
		<template>facebook</template>
		<creator>admin</creator>
		<restricted-to-user>
        	<user>Fabian Hauck</user> 
        </restricted-to-user>
	</map>
	
	<map>
		<name>Behaviorismus-Ju Munk</name>
		<template>facebook</template>
		<creator>admin</creator>
		<restricted-to-user>
        	<user>Ju Munk</user> 
        </restricted-to-user>
	</map>

	<map>
		<name>Behaviorismus-Dieter Schmidt</name>
		<template>facebook</template>
		<creator>admin</creator>
		<restricted-to-user>
        	<user>Dieter Schmidt</user> 
        </restricted-to-user>
	</map>
	
	<map>
		<name>Behaviorismus-Thomas Baumstumpf</name>
		<template>facebook</template>
		<creator>admin</creator>
		<restricted-to-user>
        	<user>Thomas Baumstumpf</user> 
        </restricted-to-user>
	</map>
	
	<map>
		<name>Behaviorismus-Charlott Hector</name>
		<template>facebook</template>
		<creator>admin</creator>
		<restricted-to-user>
        	<user>Charlott Hector</user> 
        </restricted-to-user>
	</map>
	
	<map>
		<name>Behaviorismus-Extra1</name>
		<template>facebook</template>
		<creator>admin</creator>
		<restricted-to-user>
        	<user>Extra1</user> 
        </restricted-to-user>
	</map>
	
	<map>
		<name>Behaviorismus-Extra2</name>
		<template>facebook</template>
		<creator>admin</creator>
		<restricted-to-user>
        	<user>Extra2</user> 
        </restricted-to-user>
	</map>
	
	<map>
		<name>Behaviorismus-Extra3</name>
		<template>facebook</template>
		<creator>admin</creator>
		<restricted-to-user>
        	<user>Extra3</user> 
        </restricted-to-user>
	</map>
	
	<map>
		<name>Behaviorismus-Extra4</name>
		<template>facebook</template>
		<creator>admin</creator>
		<restricted-to-user>
        	<user>Extra4</user> 
        </restricted-to-user>
	</map>
	
	<map>
		<name>Behaviorismus-All1</name>
		<template>facebook</template>
		<creator>admin</creator>
		<restricted-to-user/>
    </map>
    <map>
		<name>Behaviorismus-All2</name>
		<template>facebook</template>
		<creator>admin</creator>
		<restricted-to-user/>
    </map>
    <map>
		<name>Behaviorismus-All3</name>
		<template>facebook</template>
		<creator>admin</creator>
		<restricted-to-user/>
    </map>
    <map>
		<name>Behaviorismus-All4</name>
		<template>facebook</template>
		<creator>admin</creator>
		<restricted-to-user/>
    </map>
    <map>
		<name>Behaviorismus-All5</name>
		<template>facebook</template>
		<creator>admin</creator>
		<restricted-to-user/>
    </map>
</lasad-maps>

