<?xml version='1.0' encoding='UTF-8'?>
<resources>
	<dataservice id="lasad-dataservice-default">
		<class><![CDATA[de.dfki.lasad.dataservice.lasad.rmi.LASADDataService]]></class>
		<conf-class><![CDATA[de.dfki.lasad.dataservice.lasad.rmi.LASADDataServiceConfiguration]]></conf-class>
		<conf-file><![CDATA[details/dataservice/lasad.dataservice.xml]]></conf-file>
	</dataservice>
	<sessionmodel id="sessionmodel-default">
		<class><![CDATA[de.dfki.lasad.sessionmodel.SessionModel]]></class>
		<conf-class><![CDATA[de.dfki.lasad.sessionmodel.SessionModelConfiguration]]></conf-class>
	</sessionmodel>
</resources>