<?xml version="1.0" encoding="UTF-8"?>
<lasad-users>
	<user>
		<nickname>a1L</nickname>
		<password>p</password>
		<role>Guest</role>
	</user>
	<user>
		<nickname>a1R</nickname>
		<password>p</password>
		<role>Guest</role>
	</user>
	
	<user>
		<nickname>a2L</nickname>
		<password>p</password>
		<role>Guest</role>
	</user>
	<user>
		<nickname>a2R</nickname>
		<password>p</password>
		<role>Guest</role>
	</user>
	
	<user>
		<nickname>b1L</nickname>
		<password>p</password>
		<role>Guest</role>
	</user>
	<user>
		<nickname>b1R</nickname>
		<password>p</password>
		<role>Guest</role>
	</user>
	
	<user>
		<nickname>b2L</nickname>
		<password>p</password>
		<role>Guest</role>
	</user>
	<user>
		<nickname>b2R</nickname>
		<password>p</password>
		<role>Guest</role>
	</user>
	
	<user>
		<nickname>spare1</nickname>
		<password>p</password>
		<role>Guest</role>
	</user>
	<user>
		<nickname>spare2</nickname>
		<password>p</password>
		<role>Guest</role>
	</user>
		<user>
		<nickname>spare3</nickname>
		<password>p</password>
		<role>Guest</role>
	</user>
	<user>
		<nickname>spare4</nickname>
		<password>p</password>
		<role>Guest</role>
	</user>
	<user>
		<nickname>spare5</nickname>
		<password>p</password>
		<role>Guest</role>
	</user>
</lasad-users>