<?xml version="1.0" encoding="UTF-8"?>
<lasad-users>
	<user>
		<nickname>Administrator</nickname>
		<password>adminpw</password>
		<role>Developer</role>
	</user>
	<user>
		<nickname>Guest</nickname>
		<password>guestpw</password>
		<role>Guest</role>
	</user>
	<user>
		<nickname>t1</nickname>
		<password>t1</password>
		<role>Standard</role>
	</user>
	<user>
		<nickname>t2</nickname>
		<password>t2</password>
		<role>Standard</role>
	</user>
	<user>
		<nickname>t3</nickname>
		<password>t3</password>
		<role>Standard</role>
	</user>
	<user>
		<nickname>t4</nickname>
		<password>t4</password>
		<role>Standard</role>
	</user>
	<user>
		<nickname>t5</nickname>
		<password>t5</password>
		<role>Standard</role>
	</user>
	<user>
		<nickname>t6</nickname>
		<password>t6</password>
		<role>Standard</role>
	</user>
	<user>
		<nickname>t7</nickname>
		<password>t7</password>
		<role>Standard</role>
	</user>
	<user>
		<nickname>t8</nickname>
		<password>t8</password>
		<role>Standard</role>
	</user>
	<user>
		<nickname>t9</nickname>
		<password>t9</password>
		<role>Standard</role>
	</user>
	<user>
		<nickname>t10</nickname>
		<password>t10</password>
		<role>Standard</role>
	</user>
	<user>
		<nickname>t11</nickname>
		<password>t11</password>
		<role>Standard</role>
	</user>
	<user>
		<nickname>t12</nickname>
		<password>t12</password>
		<role>Standard</role>
	</user>
	<user>
		<nickname>t13</nickname>
		<password>t13</password>
		<role>Standard</role>
	</user>
	<user>
		<nickname>t14</nickname>
		<password>t14</password>
		<role>Standard</role>
	</user>
	<user>
		<nickname>t15</nickname>
		<password>t15</password>
		<role>Standard</role>
	</user>
	<user>
		<nickname>t16</nickname>
		<password>t16</password>
		<role>Standard</role>
	</user>
	<user>
		<nickname>t17</nickname>
		<password>t17</password>
		<role>Standard</role>
	</user>
	<user>
		<nickname>t18</nickname>
		<password>t18</password>
		<role>Standard</role>
	</user>
	<user>
		<nickname>t19</nickname>
		<password>t19</password>
		<role>Standard</role>
	</user>
	<user>
		<nickname>t20</nickname>
		<password>t20</password>
		<role>Standard</role>
	</user>
	<user>
		<nickname>d1</nickname>
		<password>d1</password>
		<role>Developer</role>
	</user>
	<user>
		<nickname>d2</nickname>
		<password>d2</password>
		<role>Developer</role>
	</user>
	<user>
		<nickname>d3</nickname>
		<password>d3</password>
		<role>Developer</role>
	</user>
	<user>
		<nickname>d4</nickname>
		<password>d4</password>
		<role>Developer</role>
	</user>
	<user>
		<nickname>d5</nickname>
		<password>d5</password>
		<role>Developer</role>
	</user>
	<user>
		<nickname>d6</nickname>
		<password>d6</password>
		<role>Developer</role>
	</user>
	<user>
		<nickname>d7</nickname>
		<password>d7</password>
		<role>Developer</role>
	</user>
	<user>
		<nickname>d8</nickname>
		<password>d8</password>
		<role>Developer</role>
	</user>
	<user>
		<nickname>d9</nickname>
		<password>d9</password>
		<role>Developer</role>
	</user>
	<user>
		<nickname>d10</nickname>
		<password>d10</password>
		<role>Developer</role>
	</user>
	<user>
		<nickname>d11</nickname>
		<password>d11</password>
		<role>Developer</role>
	</user>
	<user>
		<nickname>d12</nickname>
		<password>d12</password>
		<role>Developer</role>
	</user>
	<user>
		<nickname>d13</nickname>
		<password>d13</password>
		<role>Developer</role>
	</user>
	<user>
		<nickname>d14</nickname>
		<password>d14</password>
		<role>Developer</role>
	</user>
	<user>
		<nickname>d15</nickname>
		<password>d15</password>
		<role>Developer</role>
	</user>
	<user>
		<nickname>d16</nickname>
		<password>d16</password>
		<role>Developer</role>
	</user>
	<user>
		<nickname>d17</nickname>
		<password>d17</password>
		<role>Developer</role>
	</user>
	<user>
		<nickname>d18</nickname>
		<password>d18</password>
		<role>Developer</role>
	</user>
	<user>
		<nickname>d19</nickname>
		<password>d19</password>
		<role>Developer</role>
	</user>
	<user>
		<nickname>d20</nickname>
		<password>d20</password>
		<role>Developer</role>
	</user>
		<user>
		<nickname>Bob</nickname>
		<password>t1</password>
		<role>Teacher</role>
	</user>
	<user>
		<nickname>Jay</nickname>
		<password>t2</password>
		<role>Teacher</role>
	</user>
	<user>
		<nickname>DFKI</nickname>
		<password>dfkiclient</password>
		<role>Standard</role>
	</user>
	<user>
		<nickname>d21</nickname>
		<password>d21</password>
		<role>Developer</role>
	</user>
</lasad-users>