<?xml version="1.0" encoding="UTF-8"?>
<lasad-maps>
	<!-- <map> <name>Climate Ethics - Notepad</name> <template>Climate Ethics 
		- Notepad</template> <creator>d3</creator> <restricted-to-user /> </map> -->
	
	<map>
		<name>Klimaethik - Training</name>
		<template>Klimaethik - Training</template>
		<creator>d3</creator>
		<restricted-to-user>
        	<user>spare1</user>
        	<user>spare2</user>
        	<user>spare3</user>
        	<user>spare4</user>
        	<user>spare5</user>
    	</restricted-to-user>
	</map>
	<map>
		<name>Klimaethik - Aufgabe (coll, so)</name>
		<template>Klimaethik - Aufgabe (coll, so)</template>
		<creator>d3</creator>
		<restricted-to-user>
        	<user>spare1</user>
        	<user>spare2</user>
        	<user>spare3</user>
        	<user>spare4</user>
        	<user>spare5</user>
    	</restricted-to-user>
	</map>
	<map>
		<name>Klimaethik - Aufgabe (coll, nso)</name>
		<template>Klimaethik - Aufgabe (coll, nso)</template>
		<creator>d3</creator>
		<restricted-to-user>
        	<user>spare1</user>
        	<user>spare2</user>
        	<user>spare3</user>
        	<user>spare4</user>
        	<user>spare5</user>
    	</restricted-to-user>
	</map>

	<map>
		<name>a1L - Training</name>
		<template>Klimaethik - Training</template>
		<creator>d3</creator>
		<restricted-to-user>
        	<user>a1L</user>
        	<user>spare1</user>
        	<user>spare2</user>
        	<user>spare3</user>
        	<user>spare4</user>
        	<user>spare5</user> 
    	</restricted-to-user>
	</map>
	<map>
		<name>a1R - Training</name>
		<template>Klimaethik - Training</template>
		<creator>d3</creator>
		<restricted-to-user>
        	<user>a1R</user>
        	<user>spare1</user>
        	<user>spare2</user>
        	<user>spare3</user>
        	<user>spare4</user>
        	<user>spare5</user> 
    	</restricted-to-user>
	</map>
	<map>
		<name>a1 - Aufgabe</name>
		<template>Klimaethik - Aufgabe (coll, so)</template>
		<creator>d3</creator>
		<restricted-to-user>
        	<user>a1L</user> 
        	<user>a1R</user>
        	<user>spare1</user>
        	<user>spare2</user>
        	<user>spare3</user>
        	<user>spare4</user>
        	<user>spare5</user>
    	</restricted-to-user>
	</map>
	
	<map>
		<name>a2L - Training</name>
		<template>Klimaethik - Training</template>
		<creator>d3</creator>
		<restricted-to-user>
        	<user>a2L</user> 
        	<user>spare1</user>
        	<user>spare2</user>
        	<user>spare3</user>
        	<user>spare4</user>
        	<user>spare5</user>
    	</restricted-to-user>
	</map>
	<map>
		<name>a2R - Training</name>
		<template>Klimaethik - Training</template>
		<creator>d3</creator>
		<restricted-to-user>
        	<user>a2R</user>
        	<user>spare1</user>
        	<user>spare2</user>
        	<user>spare3</user>
        	<user>spare4</user>
        	<user>spare5</user>
    	</restricted-to-user>
	</map>
	<map>
		<name>a2 - Aufgabe</name>
		<template>Klimaethik - Aufgabe (coll, nso)</template>
		<creator>d3</creator>
		<restricted-to-user>
        	<user>a2L</user>
        	<user>a2R</user>
        	<user>spare1</user>
        	<user>spare2</user>
        	<user>spare3</user>
        	<user>spare4</user>
        	<user>spare5</user>
    	</restricted-to-user>
	</map>
</lasad-maps>

