<?xml version='1.0' encoding='UTF-8'?>
<runtime>
	<general>
		<agent id="xmpp-management-agent" />
	</general>
	<sessions>
		<!-- <session id="31"> <agent id="largo-default"/> </session> -->
	</sessions>
	<ontologies>
		<ontology id="Attitude-English-2">
			<agent id="xmpp-action-agent" />
			<agent id="xmpp-event-summary-agent" />
		</ontology>
		<ontology id="DiscussingMicroworlds-5">
			<agent id="xmpp-action-agent" />
			<agent id="xmpp-event-summary-agent" />
		</ontology>
		<ontology id="Lleida-2"> 
			<agent id="xmpp-event-summary-agent" />
			<agent id="xmpp-action-agent" />
		</ontology>
	</ontologies>
</runtime>