<?xml version="1.0" encoding="UTF-8"?>
<lasad-users>
	<user>
		<nickname>Toby</nickname>
		<password>t</password>
		<role>Standard</role>
	</user>
	<user>
		<nickname>Oliver</nickname>
		<password>o</password>
		<role>Standard</role>
	</user>
	<user>
		<nickname>Bruce</nickname>
		<password>b</password>
		<role>Standard</role>
	</user>
	<user>
		<nickname>Ugur</nickname>
		<password>u</password>
		<role>Standard</role>
	</user>
	<user>
		<nickname>Anahuac</nickname>
		<password>a</password>
		<role>Standard</role>
	</user>
	<user>
		<nickname>Michael</nickname>
		<password>m</password>
		<role>Standard</role>
	</user>
	<user>
		<nickname>TobyD</nickname>
		<password>t</password>
		<role>Developer</role>
	</user>
	<user>
		<nickname>OliverD</nickname>
		<password>o</password>
		<role>Developer</role>
	</user>
	<user>
		<nickname>BruceD</nickname>
		<password>b</password>
		<role>Developer</role>
	</user>
	<user>
		<nickname>UgurD</nickname>
		<password>u</password>
		<role>Developer</role>
	</user>
	<user>
		<nickname>AnahuacD</nickname>
		<password>a</password>
		<role>Developer</role>
	</user>
	<user>
		<nickname>MichaelD</nickname>
		<password>m</password>
		<role>Developer</role>
	</user>
	
</lasad-users>
