<?xml version="1.0" encoding="UTF-8"?>
<lasad-maps>

	<!-- a-users (Friday, so) -->
	<map>
		<name>a-1L - Training</name>
		<template>Klimaethik - Training</template>
		<creator>Administrator</creator>
		<restricted-to-user>
        	<user>a-1L</user>
    	</restricted-to-user>
	</map>
	<map>
		<name>a-1R - Training</name>
		<template>Klimaethik - Training</template>
		<creator>Administrator</creator>
		<restricted-to-user>
        	<user>a-1R</user> 
    	</restricted-to-user>
	</map>
	<map>
		<name>a-1 - Aufgabe</name>
		<template>Klimaethik - Aufgabe (coll, so)</template>
		<creator>Administrator</creator>
		<restricted-to-user>
        	<user>a-1L</user> 
        	<user>a-1R</user>
    	</restricted-to-user>
	</map>
	
	<map>
		<name>a-2L - Training</name>
		<template>Klimaethik - Training</template>
		<creator>Administrator</creator>
		<restricted-to-user>
        	<user>a-2L</user>
    	</restricted-to-user>
	</map>
	<map>
		<name>a-2R - Training</name>
		<template>Klimaethik - Training</template>
		<creator>Administrator</creator>
		<restricted-to-user>
        	<user>a-2R</user> 
    	</restricted-to-user>
	</map>
	<map>
		<name>a-2 - Aufgabe</name>
		<template>Klimaethik - Aufgabe (coll, so)</template>
		<creator>Administrator</creator>
		<restricted-to-user>
        	<user>a-2L</user> 
        	<user>a-2R</user>
    	</restricted-to-user>
	</map>
	
	<map>
		<name>a-3L - Training</name>
		<template>Klimaethik - Training</template>
		<creator>Administrator</creator>
		<restricted-to-user>
        	<user>a-3L</user>
    	</restricted-to-user>
	</map>
	<map>
		<name>a-3R - Training</name>
		<template>Klimaethik - Training</template>
		<creator>Administrator</creator>
		<restricted-to-user>
        	<user>a-3R</user> 
    	</restricted-to-user>
	</map>
	<map>
		<name>a-3 - Aufgabe</name>
		<template>Klimaethik - Aufgabe (coll, so)</template>
		<creator>Administrator</creator>
		<restricted-to-user>
        	<user>a-3L</user> 
        	<user>a-3R</user>
    	</restricted-to-user>
	</map>
	
	<map>
		<name>a-4L - Training</name>
		<template>Klimaethik - Training</template>
		<creator>Administrator</creator>
		<restricted-to-user>
        	<user>a-4L</user>
    	</restricted-to-user>
	</map>
	<map>
		<name>a-4R - Training</name>
		<template>Klimaethik - Training</template>
		<creator>Administrator</creator>
		<restricted-to-user>
        	<user>a-4R</user> 
    	</restricted-to-user>
	</map>
	<map>
		<name>a-4 - Aufgabe</name>
		<template>Klimaethik - Aufgabe (coll, so)</template>
		<creator>Administrator</creator>
		<restricted-to-user>
        	<user>a-4L</user> 
        	<user>a-4R</user>
    	</restricted-to-user>
	</map>
	
	<!-- b-users (Friday, nso) -->
		<map>
		<name>b-1L - Training</name>
		<template>Klimaethik - Training</template>
		<creator>Administrator</creator>
		<restricted-to-user>
        	<user>b-1L</user>
    	</restricted-to-user>
	</map>
	<map>
		<name>b-1R - Training</name>
		<template>Klimaethik - Training</template>
		<creator>Administrator</creator>
		<restricted-to-user>
        	<user>b-1R</user> 
    	</restricted-to-user>
	</map>
	<map>
		<name>b-1 - Aufgabe</name>
		<template>Klimaethik - Aufgabe (coll, nso)</template>
		<creator>Administrator</creator>
		<restricted-to-user>
        	<user>b-1L</user> 
        	<user>b-1R</user>
    	</restricted-to-user>
	</map>
	
	<map>
		<name>b-2L - Training</name>
		<template>Klimaethik - Training</template>
		<creator>Administrator</creator>
		<restricted-to-user>
        	<user>b-2L</user>
    	</restricted-to-user>
	</map>
	<map>
		<name>b-2R - Training</name>
		<template>Klimaethik - Training</template>
		<creator>Administrator</creator>
		<restricted-to-user>
        	<user>b-2R</user> 
    	</restricted-to-user>
	</map>
	<map>
		<name>b-2 - Aufgabe</name>
		<template>Klimaethik - Aufgabe (coll, nso)</template>
		<creator>Administrator</creator>
		<restricted-to-user>
        	<user>b-2L</user> 
        	<user>b-2R</user>
    	</restricted-to-user>
	</map>
	
	<map>
		<name>b-3L - Training</name>
		<template>Klimaethik - Training</template>
		<creator>Administrator</creator>
		<restricted-to-user>
        	<user>b-3L</user>
    	</restricted-to-user>
	</map>
	<map>
		<name>b-3R - Training</name>
		<template>Klimaethik - Training</template>
		<creator>Administrator</creator>
		<restricted-to-user>
        	<user>b-3R</user> 
    	</restricted-to-user>
	</map>
	<map>
		<name>b-3 - Aufgabe</name>
		<template>Klimaethik - Aufgabe (coll, nso)</template>
		<creator>Administrator</creator>
		<restricted-to-user>
        	<user>b-3L</user> 
        	<user>b-3R</user>
    	</restricted-to-user>
	</map>
	
	<map>
		<name>b-4L - Training</name>
		<template>Klimaethik - Training</template>
		<creator>Administrator</creator>
		<restricted-to-user>
        	<user>b-4L</user>
    	</restricted-to-user>
	</map>
	<map>
		<name>b-4R - Training</name>
		<template>Klimaethik - Training</template>
		<creator>Administrator</creator>
		<restricted-to-user>
        	<user>b-4R</user> 
    	</restricted-to-user>
	</map>
	<map>
		<name>b-4 - Aufgabe</name>
		<template>Klimaethik - Aufgabe (coll, nso)</template>
		<creator>Administrator</creator>
		<restricted-to-user>
        	<user>b-4L</user> 
        	<user>b-4R</user>
    	</restricted-to-user>
	</map>
	
		<!-- c-users (Saturday, so) -->
	<map>
		<name>c-1L - Training</name>
		<template>Klimaethik - Training</template>
		<creator>Administrator</creator>
		<restricted-to-user>
        	<user>c-1L</user>
    	</restricted-to-user>
	</map>
	<map>
		<name>c-1R - Training</name>
		<template>Klimaethik - Training</template>
		<creator>Administrator</creator>
		<restricted-to-user>
        	<user>c-1R</user> 
    	</restricted-to-user>
	</map>
	<map>
		<name>c-1 - Aufgabe</name>
		<template>Klimaethik - Aufgabe (coll, so)</template>
		<creator>Administrator</creator>
		<restricted-to-user>
        	<user>c-1L</user> 
        	<user>c-1R</user>
    	</restricted-to-user>
	</map>
	
	<map>
		<name>c-2L - Training</name>
		<template>Klimaethik - Training</template>
		<creator>Administrator</creator>
		<restricted-to-user>
        	<user>c-2L</user>
    	</restricted-to-user>
	</map>
	<map>
		<name>c-2R - Training</name>
		<template>Klimaethik - Training</template>
		<creator>Administrator</creator>
		<restricted-to-user>
        	<user>c-2R</user> 
    	</restricted-to-user>
	</map>
	<map>
		<name>c-2 - Aufgabe</name>
		<template>Klimaethik - Aufgabe (coll, so)</template>
		<creator>Administrator</creator>
		<restricted-to-user>
        	<user>c-2L</user> 
        	<user>c-2R</user>
    	</restricted-to-user>
	</map>
	
	<map>
		<name>c-3L - Training</name>
		<template>Klimaethik - Training</template>
		<creator>Administrator</creator>
		<restricted-to-user>
        	<user>c-3L</user>
    	</restricted-to-user>
	</map>
	<map>
		<name>c-3R - Training</name>
		<template>Klimaethik - Training</template>
		<creator>Administrator</creator>
		<restricted-to-user>
        	<user>c-3R</user> 
    	</restricted-to-user>
	</map>
	<map>
		<name>c-3 - Aufgabe</name>
		<template>Klimaethik - Aufgabe (coll, so)</template>
		<creator>Administrator</creator>
		<restricted-to-user>
        	<user>c-3L</user> 
        	<user>c-3R</user>
    	</restricted-to-user>
	</map>
	
	<map>
		<name>c-4L - Training</name>
		<template>Klimaethik - Training</template>
		<creator>Administrator</creator>
		<restricted-to-user>
        	<user>c-4L</user>
    	</restricted-to-user>
	</map>
	<map>
		<name>c-4R - Training</name>
		<template>Klimaethik - Training</template>
		<creator>Administrator</creator>
		<restricted-to-user>
        	<user>c-4R</user> 
    	</restricted-to-user>
	</map>
	<map>
		<name>c-4 - Aufgabe</name>
		<template>Klimaethik - Aufgabe (coll, so)</template>
		<creator>Administrator</creator>
		<restricted-to-user>
        	<user>c-4L</user> 
        	<user>c-4R</user>
    	</restricted-to-user>
	</map>
	
	<!-- d-users (Saturday, nso) -->
		<map>
		<name>d-1L - Training</name>
		<template>Klimaethik - Training</template>
		<creator>Administrator</creator>
		<restricted-to-user>
        	<user>d-1L</user>
    	</restricted-to-user>
	</map>
	<map>
		<name>d-1R - Training</name>
		<template>Klimaethik - Training</template>
		<creator>Administrator</creator>
		<restricted-to-user>
        	<user>d-1R</user> 
    	</restricted-to-user>
	</map>
	<map>
		<name>d-1 - Aufgabe</name>
		<template>Klimaethik - Aufgabe (coll, nso)</template>
		<creator>Administrator</creator>
		<restricted-to-user>
        	<user>d-1L</user> 
        	<user>d-1R</user>
    	</restricted-to-user>
	</map>
	
	<map>
		<name>d-2L - Training</name>
		<template>Klimaethik - Training</template>
		<creator>Administrator</creator>
		<restricted-to-user>
        	<user>d-2L</user>
    	</restricted-to-user>
	</map>
	<map>
		<name>d-2R - Training</name>
		<template>Klimaethik - Training</template>
		<creator>Administrator</creator>
		<restricted-to-user>
        	<user>d-2R</user> 
    	</restricted-to-user>
	</map>
	<map>
		<name>d-2 - Aufgabe</name>
		<template>Klimaethik - Aufgabe (coll, nso)</template>
		<creator>Administrator</creator>
		<restricted-to-user>
        	<user>d-2L</user> 
        	<user>d-2R</user>
    	</restricted-to-user>
	</map>
	
	<map>
		<name>d-3L - Training</name>
		<template>Klimaethik - Training</template>
		<creator>Administrator</creator>
		<restricted-to-user>
        	<user>d-3L</user>
    	</restricted-to-user>
	</map>
	<map>
		<name>d-3R - Training</name>
		<template>Klimaethik - Training</template>
		<creator>Administrator</creator>
		<restricted-to-user>
        	<user>d-3R</user> 
    	</restricted-to-user>
	</map>
	<map>
		<name>d-3 - Aufgabe</name>
		<template>Klimaethik - Aufgabe (coll, nso)</template>
		<creator>Administrator</creator>
		<restricted-to-user>
        	<user>d-3L</user> 
        	<user>d-3R</user>
    	</restricted-to-user>
	</map>
	
	<map>
		<name>d-4L - Training</name>
		<template>Klimaethik - Training</template>
		<creator>Administrator</creator>
		<restricted-to-user>
        	<user>d-4L</user>
    	</restricted-to-user>
	</map>
	<map>
		<name>d-4R - Training</name>
		<template>Klimaethik - Training</template>
		<creator>Administrator</creator>
		<restricted-to-user>
        	<user>d-4R</user> 
    	</restricted-to-user>
	</map>
	<map>
		<name>d-4 - Aufgabe</name>
		<template>Klimaethik - Aufgabe (coll, nso)</template>
		<creator>Administrator</creator>
		<restricted-to-user>
        	<user>d-4L</user> 
        	<user>d-4R</user>
    	</restricted-to-user>
	</map>
	
</lasad-maps>

