<?xml version="1.0" encoding="UTF-8"?>
<lasad-maps>
  <map>
    <name>LARGO Carney Petitioner - Map 1</name>
    <template>largo_carney_petitioner</template>
    <creator>Administrator</creator>
    <restricted-to-user />
  </map>
  <map>
    <name>LARGO Carney Petitioner - Map 2</name>
    <template>largo_carney_petitioner</template>
    <creator>Administrator</creator>
    <restricted-to-user>
        <user>t1</user> 
        <user>t2</user> 
        <user>t3</user> 
    </restricted-to-user>
  </map>
  <map>
    <name>LARGO Carney Petitioner Tutorial- Map 1</name>
    <template>largo_carney_tutorial</template>
    <creator>Administrator</creator>
    <restricted-to-user />
  </map>
  <map>
    <name>LARGO Asahi Petitioner - Map 1</name>
    <template>largo_asahi_petitioner</template>
    <creator>Administrator</creator>
    <restricted-to-user />
  </map>
  <map>
    <name>LARGO Asahi Respondent - Map 1</name>
    <template>largo_asahi_respondent</template>
    <creator>Administrator</creator>
    <restricted-to-user />
  </map>
  <map>
    <name>LARGO Burgerking Petitioner - Map 1</name>
    <template>largo_burgerking_petitioner</template>
    <creator>Administrator</creator>
    <restricted-to-user />
  </map>
  <map>
    <name>LARGO Burgerking Respondent - Map 1</name>
    <template>largo_burgerking_respondent</template>
    <creator>Administrator</creator>
    <restricted-to-user />
  </map>
  <map>
    <name>LARGO Burnham Petitioner - Map 1</name>
    <template>largo_burnham_petitioner</template>
    <creator>Administrator</creator>
    <restricted-to-user />
  </map>
  <map>
    <name>LARGO Burnham Respondent - Map 1</name>
    <template>largo_burnham_respondent</template>
    <creator>Administrator</creator>
    <restricted-to-user />
  </map>
  <map>
    <name>Belvedere - Map 1</name>
    <template>belvedere</template>
    <creator>Administrator</creator>
    <restricted-to-user />
  </map>
  <map>
    <name>Allgemeine Argumentation (Einzelnutzer) - Map 1</name>
    <template>Allgemeine Argumentation (Einzelnutzer)</template>
    <creator>Administrator</creator>
    <restricted-to-user />
  </map>
  <map>
    <name>Allgemeine Argumentation (Gruppennutzung) - Map 1</name>
    <template>Allgemeine Argumentation (Gruppennutzung)</template>
    <creator>Administrator</creator>
    <restricted-to-user />
  </map>
  <map>
    <name>Toulmin (Single User) - Map 1</name>
    <template>toulmin_singleuser</template>
    <creator>Administrator</creator>
    <restricted-to-user />
  </map>
  <map>
    <name>NewFeaturesOntology</name>
    <template>NewFeaturesOntology</template>
    <creator>d3</creator>
    <restricted-to-user />
  </map>
</lasad-maps>

