<ActionPackage>
  <Action COMMAND="CreateElement" CATEGORY="Map">
    <Parameter NAME="Type" VALUE="box" />
    <Parameter NAME="MapId" VALUE="2" />
    <Parameter NAME="ElementId" VALUE="Comment" />
    <Parameter NAME="PosX" VALUE="2648" />
    <Parameter NAME="PosY" VALUE="2432" />
  </Action>
  <Action COMMAND="CreateElement" CATEGORY="Map">
    <Parameter NAME="Type" VALUE="awareness" />
    <Parameter NAME="MapId" VALUE="2" />
    <Parameter NAME="Parent" VALUE="LAST-ID" />
    <Parameter NAME="ElementId" VALUE="author" />
    <Parameter NAME="UserName" VALUE="Toby" />
    <Parameter NAME="Time" VALUE="CURRENT-TIME" />
  </Action>
  <Action COMMAND="CreateElement" CATEGORY="Map">
    <Parameter NAME="Type" VALUE="dropdown" />
    <Parameter NAME="MapId" VALUE="2" />
    <Parameter NAME="Parent" VALUE="LAST-ID" />
    <Parameter NAME="ElementId" VALUE="comment-type" />
    <Parameter NAME="UserName" VALUE="Toby" />
  </Action>
  <Action COMMAND="CreateElement" CATEGORY="Map">
    <Parameter NAME="Type" VALUE="text" />
    <Parameter NAME="MapId" VALUE="2" />
    <Parameter NAME="Parent" VALUE="LAST-ID" />
    <Parameter NAME="ElementId" VALUE="comment-text" />
    <Parameter NAME="UserName" VALUE="Toby" />
  </Action>
</ActionPackage>