<ActionPackage>
  <Action COMMAND="CreateElement" CATEGORY="Map">
    <Parameter NAME="Type" VALUE="box" />
    <Parameter NAME="MapId" VALUE="2" />
    <Parameter NAME="ElementId" VALUE="Help Request" />
    <Parameter NAME="PosX" VALUE="2299" />
    <Parameter NAME="PosY" VALUE="2286" />
  </Action>
  <Action COMMAND="CreateElement" CATEGORY="Map">
    <Parameter NAME="Type" VALUE="awareness" />
    <Parameter NAME="MapId" VALUE="2" />
    <Parameter NAME="Parent" VALUE="LAST-ID" />
    <Parameter NAME="ElementId" VALUE="author" />
    <Parameter NAME="UserName" VALUE="Toby" />
    <Parameter NAME="Time" VALUE="CURRENT-TIME" />
  </Action>
  <Action COMMAND="CreateElement" CATEGORY="Map">
    <Parameter NAME="Type" VALUE="frame" />
    <Parameter NAME="MapId" VALUE="2" />
    <Parameter NAME="Parent" VALUE="LAST-ID" />
    <Parameter NAME="ElementId" VALUE="help-request-view" />
    <Parameter NAME="UserName" VALUE="Toby" />
  </Action>
  <Action COMMAND="CreateElement" CATEGORY="Map">
    <Parameter NAME="Type" VALUE="text" />
    <Parameter NAME="MapId" VALUE="2" />
    <Parameter NAME="Parent" VALUE="LAST-ID" />
    <Parameter NAME="ElementId" VALUE="help-request-text" />
    <Parameter NAME="UserName" VALUE="Toby" />
  </Action>
  <Action COMMAND="CreateElement" CATEGORY="Map">
    <Parameter NAME="Type" VALUE="xmppMessageButton" />
    <Parameter NAME="MapId" VALUE="2" />
    <Parameter NAME="Parent" VALUE="LAST-ID" />
    <Parameter NAME="ElementId" VALUE="help-request-xmpp-button" />
    <Parameter NAME="UserName" VALUE="Toby" />
  </Action>
</ActionPackage>