<ActionPackage>
  <Action COMMAND="CreateElement" CATEGORY="Map">
    <Parameter NAME="Type" VALUE="box" />
    <Parameter NAME="MapId" VALUE="2" />
    <Parameter NAME="ElementId" VALUE="My Microworld" />
    <Parameter NAME="PosX" VALUE="2315" />
    <Parameter NAME="PosY" VALUE="2566" />
  </Action>
  <Action COMMAND="CreateElement" CATEGORY="Map">
    <Parameter NAME="Type" VALUE="awareness" />
    <Parameter NAME="MapId" VALUE="2" />
    <Parameter NAME="Parent" VALUE="LAST-ID" />
    <Parameter NAME="ElementId" VALUE="author" />
    <Parameter NAME="UserName" VALUE="Toby" />
    <Parameter NAME="Time" VALUE="CURRENT-TIME" />
  </Action>
  <Action COMMAND="CreateElement" CATEGORY="Map">
    <Parameter NAME="Type" VALUE="dropdown" />
    <Parameter NAME="MapId" VALUE="2" />
    <Parameter NAME="Parent" VALUE="LAST-ID" />
    <Parameter NAME="ElementId" VALUE="my-microworld-type" />
    <Parameter NAME="UserName" VALUE="Toby" />
  </Action>
  <Action COMMAND="CreateElement" CATEGORY="Map">
    <Parameter NAME="Type" VALUE="frame" />
    <Parameter NAME="MapId" VALUE="2" />
    <Parameter NAME="Parent" VALUE="LAST-ID" />
    <Parameter NAME="ElementId" VALUE="my-microworld-display" />
    <Parameter NAME="UserName" VALUE="Toby" />
  </Action>
  <Action COMMAND="CreateElement" CATEGORY="Map">
    <Parameter NAME="Type" VALUE="text" />
    <Parameter NAME="MapId" VALUE="2" />
    <Parameter NAME="Parent" VALUE="LAST-ID" />
    <Parameter NAME="ElementId" VALUE="my-microworld-text" />
    <Parameter NAME="UserName" VALUE="Toby" />
  </Action>
  <Action COMMAND="CreateElement" CATEGORY="Map">
    <Parameter NAME="Type" VALUE="xmppMessageButton" />
    <Parameter NAME="MapId" VALUE="2" />
    <Parameter NAME="Parent" VALUE="LAST-ID" />
    <Parameter NAME="ElementId" VALUE="my-microworld-xmpp-button" />
    <Parameter NAME="UserName" VALUE="Toby" />
  </Action>
</ActionPackage>