<?xml version="1.0" encoding="UTF-8"?>
<!DOCTYPE module PUBLIC "-//Google Inc.//DTD Google Web Toolkit 1.7.0//EN" "http://google-web-toolkit.googlecode.com/svn/tags/1.7.0/distro-source/core/src/gwt-module.dtd">

<!--
<module rename-to='LASAD_Server'>
	 <source path='de.dfki.lasad'/> 
</module>
-->
<module>
<!-- Inherit the core Web Toolkit stuff. -->
  <inherits name='com.google.gwt.user.User'/>
<!-- 
	<source path="communication.objects"/>
	<source path="authoring.frontenddata"/>
	<source path="meta"/>
-->
<source path="communication"/>
<source path="dfki"/>
</module>