<?xml version="1.0" encoding="UTF-8"?>
<lasad-users>
	<user>
		<nickname>Administrator</nickname>
		<password>adminpw</password>
		<role>Developer</role>
	</user>
	<user>
		<nickname>DFKI</nickname>
		<password>dfkiclient</password>
		<role>Standard</role>
	</user>
	
	<user>
		<nickname>Peter Frei</nickname>
		<password>p</password>
		<role>Guest</role>
	</user>
	<user>
		<nickname>Claudia Schmidt</nickname>
		<password>p</password>
		<role>Guest</role>
	</user>
	<user>
		<nickname>Hanna Wisser</nickname>
		<password>p</password>
		<role>Guest</role>
	</user>
	<user>
		<nickname>Faith Anderson</nickname>
		<password>p</password>
		<role>Guest</role>
	</user>
	<user>
		<nickname>Kathrin Mueller</nickname>
		<password>p</password>
		<role>Guest</role>
	</user>
	<user>
		<nickname>Juliane Laeufer</nickname>
		<password>p</password>
		<role>Guest</role>
	</user>
	<user>
		<nickname>Robert Marley</nickname>
		<password>p</password>
		<role>Guest</role>
	</user>
	<user>
		<nickname>Nadine Bechert</nickname>
		<password>p</password>
		<role>Guest</role>
	</user>
	<user>
		<nickname>Fabian Hauck</nickname>
		<password>p</password>
		<role>Guest</role>
	</user>
	<user>
		<nickname>Ju Munk</nickname>
		<password>p</password>
		<role>Guest</role>
	</user>
	<user>
		<nickname>Dieter Schmidt</nickname>
		<password>p</password>
		<role>Guest</role>
	</user>
	<user>
		<nickname>Thomas Baumstumpf</nickname>
		<password>p</password>
		<role>Guest</role>
	</user>
	<user>
		<nickname>Charlott Hector</nickname>
		<password>p</password>
		<role>Guest</role>
	</user>
	<user>
		<nickname>Extra1</nickname>
		<password>p</password>
		<role>Guest</role>
	</user>
	<user>
		<nickname>Extra2</nickname>
		<password>p</password>
		<role>Guest</role>
	</user>
	<user>
		<nickname>Extra3</nickname>
		<password>p</password>
		<role>Guest</role>
	</user>
	<user>
		<nickname>Extra4</nickname>
		<password>p</password>
		<role>Guest</role>
	</user>
	
	<user>
		<nickname>admin</nickname>
		<password>cscl</password>
		<role>Developer</role>
	</user>
	<user>
		<nickname>s1</nickname>
		<password>p</password>
		<role>Developer</role>
	</user>
	<user>
		<nickname>s2</nickname>
		<password>p</password>
		<role>Developer</role>
	</user>
	<user>
		<nickname>s3</nickname>
		<password>p</password>
		<role>Developer</role>
	</user>
	<user>
		<nickname>s4</nickname>
		<password>p</password>
		<role>Developer</role>
	</user>
	<user>
		<nickname>s5</nickname>
		<password>p</password>
		<role>Developer</role>
	</user>
</lasad-users>