<!-- SciIntro-ontology Collin Lynch 8/1/11 This ontology describes a structure 
	for annotating and writing up empirical introductory work. This includes 
	nodes representing: 1) General claims or research questions. 2) Citations 
	or prior literature. 3) Testable hypotheses. 4) Comments on the current study. 
	It also allows for arcs showing: 1) How one node supports another. 2) How 
	one node opposes another. 3) An otherwise informative but undefined relationship 
	between nodes. 4) A set of analogies and distinctions drawn between studies 
	or other nodes. -->
<ontology type="SciIntro">
	<elements>

		<!-- ################# NODES ######################### -->

		<element elementid="hypothesis" elementtype="box" quantity=""
			minquantity="" maxquantity="">
			<elementoptions heading="Hypothesis" />
			<uisettings width="180" height="250" resizable="true"
				border="round" background-color="#9b9fef" font-color="#000000" />
			<childelements>
				<element elementid="order" elementtype="text" quantity="0"
					minquantity="0" maxquantity="1">
					<elementoptions label="Order" text="" />
					<uisettings background-color="#FFFFFF" font-color="#000000"
						minheight="25" maxheight="30" />
				</element>
				<element elementid="if" elementtype="text" quantity="1"
					minquantity="1" maxquantity="1">
					<elementoptions text="" label="If" />
					<uisettings background-color="#FFFFFF" font-color="#000000"
						minheight="40" />
				</element>
				<element elementid="then" elementtype="text" quantity="1"
					minquantity="1" maxquantity="1">
					<elementoptions label="Then" text="" />
					<uisettings background-color="#FFFFFF" font-color="#000000"
						minheight="40" detailsonly="false" />
				</element>
				<element elementid="otherwise" elementtype="text" quantity="0"
					minquantity="0" maxquantity="1">
					<elementoptions label="Otherwise" text="" />
					<uisettings background-color="#FFFFFF" font-color="#000000"
						minheight="40" detailsonly="false" />
				</element>
				<element elementid="transcriptlink" elementtype="transcript-link"
					quantity="0" minquantity="0" maxquantity="1">
					<elementoptions manualadd="false" longlabel="Transcript-Link"
						startrow="" endrow="" startpoint="" endpoint="" />
					<uisettings minheight="16" maxheight="16" />
				</element>
			</childelements>
		</element>
		<element elementid="citation" elementtype="box" quantity=""
			minquantity="" maxquantity="">
			<elementoptions heading="Citation" />
			<uisettings width="180" height="250" resizable="true"
				border="round" background-color="#ef9852" font-color="#000000" />
			<childelements>
				<element elementid="order" elementtype="text" quantity="0"
					minquantity="0" maxquantity="1">
					<elementoptions label="Order" text="" />
					<uisettings background-color="#FFFFFF" font-color="#000000"
						minheight="25" maxheight="30" />
				</element>
				<element elementid="source" elementtype="text" quantity="1"
					minquantity="1" maxquantity="1">
					<elementoptions label="Source" text="" />
					<uisettings background-color="#FFFFFF" font-color="#000000"
						minheight="25" maxheight="30" />
				</element>
				<element elementid="summary" elementtype="text" quantity="1"
					minquantity="1" maxquantity="1">
					<elementoptions label="Summary" text="" />
					<uisettings background-color="#FFFFFF" font-color="#000000"
						minheight="40" />
				</element>
				<element elementid="transcriptlink" elementtype="transcript-link"
					quantity="0" minquantity="0" maxquantity="1">
					<elementoptions manualadd="false" longlabel="Transcript-Link"
						startrow="" endrow="" startpoint="" endpoint="" />
					<uisettings minheight="16" maxheight="16" />
				</element>
			</childelements>
		</element>
		<element elementid="claim" elementtype="box" quantity=""
			minquantity="" maxquantity="">
			<elementoptions heading="Claim" />
			<uisettings width="180" height="250" resizable="true"
				border="round" background-color="#C4CDF1" font-color="#000000" />
			<childelements>
				<element elementid="order" elementtype="text" quantity="0"
					minquantity="0" maxquantity="1">
					<elementoptions label="Order" text="" />
					<uisettings background-color="#FFFFFF" font-color="#000000"
						minheight="25" maxheight="30" />
				</element>
				<element elementid="text" elementtype="text" quantity="1"
					minquantity="1" maxquantity="1">
					<elementoptions text="" />
					<uisettings background-color="#FFFFFF" font-color="#000000"
						minheight="40" maxheight="150" />
				</element>
				<element elementid="transcriptlink" elementtype="transcript-link"
					quantity="0" minquantity="0" maxquantity="1">
					<elementoptions manualadd="false" longlabel="Transcript-Link"
						startrow="" endrow="" startpoint="" endpoint="" />
					<uisettings minheight="16" maxheight="16" />
				</element>
			</childelements>
		</element>
		<element elementid="currstudy" elementtype="box" quantity=""
			minquantity="" maxquantity="">
			<elementoptions heading="Current Study" />
			<uisettings width="180" height="250" resizable="true"
				border="round" background-color="#C1D8A0" font-color="#000000" />
			<childelements>
				<element elementid="order" elementtype="text" quantity="0"
					minquantity="0" maxquantity="1">
					<elementoptions label="Order" text="" />
					<uisettings background-color="#FFFFFF" font-color="#000000"
						minheight="25" maxheight="30" />
				</element>
				<element elementid="text" elementtype="text" quantity="1"
					minquantity="1" maxquantity="1">
					<elementoptions text="" />
					<uisettings background-color="#FFFFFF" font-color="#000000"
						minheight="40" maxheight="150" />
				</element>
				<element elementid="transcriptlink" elementtype="transcript-link"
					quantity="0" minquantity="0" maxquantity="1">
					<elementoptions manualadd="false" longlabel="Transcript-Link"
						startrow="" endrow="" startpoint="" endpoint="" />
					<uisettings minheight="16" maxheight="16" />
				</element>
			</childelements>
		</element>

		<!-- ################# ARCS ######################### -->

		<element elementid="supports" elementtype="relation" quantity=""
			minquantity="" maxquantity="">
			<elementoptions heading="(+) supports" endings="true" />
			<uisettings width="140" height="120" resizable="false"
				border="dashed" background-color="#5FC977" font-color="#000000"
				linewidth="2px" linecolor="#5FC977" />
			<childelements>
				<element elementid="text" elementtype="text" quantity="1"
					minquantity="1" maxquantity="1">
					<elementoptions text="" />
					<uisettings background-color="#FFFFFF" font-color="#000000"
						minheight="40" />
				</element>
			</childelements>
		</element>
		<element elementid="opposes" elementtype="relation" quantity=""
			minquantity="" maxquantity="">
			<elementoptions heading="(-) opposes" endings="true" />
			<uisettings width="140" height="120" resizable="false"
				border="dashed" background-color="#FF7979" font-color="#000000"
				linewidth="2px" linecolor="#FF7979" />
			<childelements>
				<element elementid="text" elementtype="text" quantity="1"
					minquantity="1" maxquantity="1">
					<elementoptions text="" />
					<uisettings background-color="#FFFFFF" font-color="#000000"
						minheight="40" />
				</element>
			</childelements>
		</element>
		<element elementid="undefined" elementtype="relation"
			quantity="" minquantity="" maxquantity="">
			<elementoptions heading="(?) undefined" endings="true" />
			<uisettings width="140" height="120" resizable="false"
				border="dashed" background-color="#5267d5" font-color="#000000"
				linewidth="2px" linecolor="#5267d5" />
			<childelements>
				<element elementid="text" elementtype="text" quantity="1"
					minquantity="1" maxquantity="1">
					<elementoptions text="" />
					<uisettings background-color="#FFFFFF" font-color="#000000"
						minheight="40" />
				</element>
			</childelements>
		</element>
		<element elementid="comparison" elementtype="relation"
			quantity="" minquantity="" maxquantity="">
			<elementoptions heading="(~) comparison" endings="false" />
			<uisettings width="200" height="120" resizable="true"
				border="dashed" background-color="#835A5A" font-color="#000000"
				linewidth="2px" linecolor="#835A5A" />
			<childelements>
				<element elementid="analogy0" elementtype="text" quantity="1"
					minquantity="1" maxquantity="1">
					<elementoptions label="Analogy" text="" />
					<uisettings background-color="#FFFFFF" font-color="#000000"
						minheight="40" />
				</element>
				<element elementid="distinction0" elementtype="text"
					quantity="1" minquantity="1" maxquantity="1">
					<elementoptions text="" />
					<elementoptions label="Distinction" text="" />
					<uisettings background-color="#FFFFFF" font-color="#000000"
						minheight="40" />
				</element>
				<element elementid="analogy1" elementtype="text" quantity="0"
					minquantity="0" maxquantity="1">
					<elementoptions label="Analogy" text="" />
					<uisettings background-color="#FFFFFF" font-color="#000000"
						minheight="40" />
				</element>
				<element elementid="distinction1" elementtype="text"
					quantity="0" minquantity="0" maxquantity="1">
					<elementoptions text="" />
					<elementoptions label="Distinction" text="" />
					<uisettings background-color="#FFFFFF" font-color="#000000"
						minheight="40" />
				</element>
				<element elementid="analogy2" elementtype="text" quantity="0"
					minquantity="0" maxquantity="1">
					<elementoptions label="Analogy" text="" />
					<uisettings background-color="#FFFFFF" font-color="#000000"
						minheight="40" />
				</element>
				<element elementid="distinction2" elementtype="text"
					quantity="0" minquantity="0" maxquantity="1">
					<elementoptions text="" />
					<elementoptions label="Distinction" text="" />
					<uisettings background-color="#FFFFFF" font-color="#000000"
						minheight="40" />
				</element>
				<element elementid="analogy3" elementtype="text" quantity="0"
					minquantity="0" maxquantity="1">
					<elementoptions label="Analogy" text="" />
					<uisettings background-color="#FFFFFF" font-color="#000000"
						minheight="40" />
				</element>
				<element elementid="distinction3" elementtype="text"
					quantity="0" minquantity="0" maxquantity="1">
					<elementoptions text="" />
					<elementoptions label="Distinction" text="" />
					<uisettings background-color="#FFFFFF" font-color="#000000"
						minheight="40" />
				</element>
			</childelements>
		</element>
	</elements>
</ontology>