<?xml version='1.0' encoding='UTF-8'?>
<!DOCTYPE rule_entities [
  <!ENTITY no_elements SYSTEM "./jess_graph/rules/largo/R15_no_elements.xml">
  <!ENTITY no_tests SYSTEM "./jess_graph/rules/largo/R16_no_tests.xml">
  <!ENTITY no_hypos SYSTEM "./jess_graph/rules/largo/R17_no_hypos.xml">
  <!ENTITY no_facts SYSTEM "./jess_graph/rules/largo/R18_no_facts.xml">
  <!ENTITY no_relations SYSTEM "./jess_graph/rules/largo/R19_no_relations.xml">
  <!ENTITY test_without_condition SYSTEM "./jess_graph/rules/largo/R20_test_without_condition.xml">
  <!ENTITY test_without_conclusion SYSTEM "./jess_graph/rules/largo/R21_test_without_conclusion.xml">
  <!ENTITY linked_test_without_text SYSTEM "./jess_graph/rules/largo/R22_linked_test_without_text.xml">
  <!ENTITY linked_hypo_without_text SYSTEM "./jess_graph/rules/largo/R23_linked_hypo_without_text.xml">
  <!ENTITY unlinked_test SYSTEM "./jess_graph/rules/largo/R24_unlinked_test.xml">
  <!ENTITY unlinked_hypo SYSTEM "./jess_graph/rules/largo/R25_unlinked_hypo.xml">
  <!ENTITY distinguish_without_text SYSTEM "./jess_graph/rules/largo/R26_distinguish_without_text.xml">
  <!ENTITY analogize_without_text SYSTEM "./jess_graph/rules/largo/R27_analogize_without_text.xml">
  <!ENTITY missed_test SYSTEM "./jess_graph/rules/largo/R28_missed_test.xml">
  <!ENTITY missed_hypo SYSTEM "./jess_graph/rules/largo/R29_missed_hypo.xml">
  <!ENTITY test_isolated_from_hypos SYSTEM "./jess_graph/rules/largo/R30_test_isolated_from_hypos.xml">
  <!ENTITY isolated_hypo SYSTEM "./jess_graph/rules/largo/R31_isolated_hypo.xml">
  <!ENTITY facts_isolated_from_hypos SYSTEM "./jess_graph/rules/largo/R32_facts_isolated_from_hypos.xml">
  <!ENTITY test_facts_without_hypos SYSTEM "./jess_graph/rules/largo/R33_test_facts_without_hypos.xml">
  <!ENTITY test_relation_not_modify SYSTEM "./jess_graph/rules/largo/R34_test_relation_not_modify.xml">
  <!ENTITY hypo_facts_relation_general SYSTEM "./jess_graph/rules/largo/R35_hypo_facts_relation_general.xml">
  <!ENTITY hypo_relation_general SYSTEM "./jess_graph/rules/largo/R36_hypo_relation_general.xml">
  <!ENTITY tests_modified_without_reason SYSTEM "./jess_graph/rules/largo/R37_tests_modified_without_reason.xml">
  <!ENTITY ambiguous_hypo_relation SYSTEM "./jess_graph/rules/largo/R38_ambiguous_hypo_relation.xml">
  <!ENTITY no_response_to_hypo SYSTEM "./jess_graph/rules/largo/R39_no_response_to_hypo.xml">
  <!ENTITY test_facts_relation_specific SYSTEM "./jess_graph/rules/largo/R40_R41_test_facts_relation_specific.xml">
  <!ENTITY test_hypo_relation_modified SYSTEM "./jess_graph/rules/largo/R42_test_hypo_relation_modified.xml">
  <!ENTITY hypo_test_relation_modified SYSTEM "./jess_graph/rules/largo/R43_hypo_test_relation_modified.xml">
  <!ENTITY hypo_facts_relation_modified SYSTEM "./jess_graph/rules/largo/R44_hypo_facts_relation_modified.xml">
  <!ENTITY hypo_facts_relation_causes SYSTEM "./jess_graph/rules/largo/R45_hypo_facts_relation_causes.xml">
  <!ENTITY facts_relations SYSTEM "./jess_graph/rules/largo/R46_facts_relations.xml">
  <!ENTITY hypo_multiple_leadsto SYSTEM "./jess_graph/rules/largo/R47_hypo_multiple_leadsto.xml">
  <!ENTITY cyclic_references SYSTEM "./jess_graph/rules/largo/R48_R49_R50_cyclic_references.xml">
  <!ENTITY test_as_hypo SYSTEM "./jess_graph/rules/largo/R51_R52_test_as_hypo.xml">
  <!ENTITY hypo_as_test SYSTEM "./jess_graph/rules/largo/R53_R54_hypo_as_test.xml">
  <!ENTITY irrelevant_as_test SYSTEM "./jess_graph/rules/largo/R55_irrelevant_as_test.xml">
  <!ENTITY irrelevant_as_hypo SYSTEM "./jess_graph/rules/largo/R56_irrelevant_as_hypo.xml">
  <!ENTITY hypo_hypo_relation_no_response SYSTEM "./jess_graph/rules/largo/R57_hypo_hypo_relation_no_response.xml">
  <!ENTITY unrelated_tests SYSTEM "./jess_graph/rules/largo/R58_unrelated_tests.xml">
  <!ENTITY discuss_hypo_multiple_tests SYSTEM "./jess_graph/rules/largo/R59_discuss_hypo_multiple_tests.xml">
  <!ENTITY discuss_hypo_one_tests SYSTEM "./jess_graph/rules/largo/R60_discuss_hypo_one_tests.xml">
  <!ENTITY multiple_impact_of_hypo SYSTEM "./jess_graph/rules/largo/R61_multiple_impact_of_hypo.xml">
]>


<agent id="largo" expose_all="true" raw_results="false">

	<supported_ontologies>
		<ontology id="LARGO" />
	</supported_ontologies>

	<phase_def>
		<phase id="1" />
		<phase id="2" />
		<phase id="3" />
		<phase id="4" />
		<phase id="5" />
	</phase_def>

	<!-- R15: No elements in the workspace -->
	<rule-action id="no_elements">
		<display-name lang="en">R15: No elements in the workspace
		</display-name>
		&no_elements;
		<phases>
			<phase id="1" is_default="true">
				<priority>1</priority>
				<representativeness>1</representativeness>
				<feedback-short lang="en">Start constructing diagram
				</feedback-short>
				<feedback-long>
				<![CDATA[While reading the transcript, you can mark 
				up parts with the mouse. Try to find an interesting 
				part and start creating a graphical representation 
				of the argument. To do this, you can create elements 
				(tests, hypotheticals, facts) by right clicking in 
				the workspace and selecting an element type (or use 
				the "Add..." menu). Then type in a short summary of 
				the corresponding passage in the transcript. You can 
				link a workspace element to a part of the transcript 
				by marking up transcript parts with the mouse then 
				dragging the text onto the workspace element.]]>
				</feedback-long>
				<highlighting>true</highlighting>
				<addition-params />
			</phase>
		</phases>
		<dependent-analyses />
		<expose>false</expose>
	</rule-action>

	<!-- R16: No Tests -->
	<rule-action id="no_tests">
		<display-name lang="en">R16: No Tests
		</display-name>
		&no_tests;
		<phases>
			<phase id="1" is_default="true">
				<priority>1</priority>
				<representativeness>1</representativeness>
				<feedback-short lang="en">Specify a Test
				</feedback-short>
				<feedback-long>
				<![CDATA[In oral arguments made before the Supreme 
				Court, attorneys often propose a test or standard 
				(i.e., a general rule) for deciding an issue at hand. 
				The opposing attorneys usually propose different 
				tests, which lead to different results when applied 
				to the facts of the case. The Justices must decide 
				which of these tests they will adopt to decide the 
				issue or whether to adopt a different test 
				altogether. In response to the Justice's questions, 
				the attorneys are sometimes forced to change their 
				proposed test. Thus, their tests may change as the 
				argument exchange unfolds. Please look through the 
				transcript and try to identify a test. Then create 
				a test element in the workspace (by right click) 
				and state a summary of the test. You can link a 
				test element to a part of the transcript by marking 
				up transcript parts with the mouse and dragging the 
				text onto the test element. ]]>
				</feedback-long>
				<highlighting>true</highlighting>
				<addition-params />
			</phase>
		</phases>
		<dependent-analyses />
		<expose>false</expose>
	</rule-action>

	<!-- R17: No Hypotheticals -->
	<rule-action id="no_hypos">
		<display-name lang="en">R17: No Hypotheticals
		</display-name>
		&no_hypos;
		<phases>
			<phase id="1" is_default="true">
				<priority>1</priority>
				<representativeness>1</representativeness>
				<feedback-short lang="en">Search for Hypotheticals
				</feedback-short>
				<feedback-long>
				<![CDATA[In oral arguments made before the Supreme 
				Court, attorneys often propose a test or standard 
				(i.e., a general rule) for deciding an issue at hand. 
				The Justices must decide whether they will adopt the 
				test to decide the issue. To explore this, the 
				Justices often pose hypothetical situations and ask 
				the attorneys how those hypotheticals should be 
				decided under their proposed test. Sometimes, the 
				hypothetical involves a different tradeoff of 
				conflicting principles or policies underlying the 
				issue. Often, it is not immediately clear what the 
				"right" result would be for a given hypothetical. 
				Your diagram does not contain any hypothetical 
				element. Please have a look at the transcript, 
				looking for hypotheticals posed by the Justices, 
				and include these in your diagram representation.]]>
				</feedback-long>
				<highlighting>true</highlighting>
				<addition-params />
			</phase>
		</phases>
		<dependent-analyses />
		<expose>false</expose>
	</rule-action>

	<!-- R18: No Facts -->
	<rule-action id="no_facts">
		<display-name lang="en">R18: No Facts
		</display-name>
		&no_facts;
		<phases>
			<phase id="1" is_default="true">
				<priority>1</priority>
				<representativeness>1</representativeness>
				<feedback-short lang="en">Include the current fact
					situation in your diagram</feedback-short>
				<feedback-long>
				<![CDATA[The base for the argument before the 
				Supreme Court is a concrete case with specific 
				facts. Attorneys often refer to the facts in their 
				arguments for deciding an issue at hand. E.g., if 
				a Justice poses a hypothetical situation that 
				suggests a decision of the case which is not in 
				favor of an attorney’s side, he might argue that 
				the hypothetical is different from the current 
				facts. In this tool, you can use fact elements in
				 the workspace as placeholders for the facts of 
				 the case. Your diagram does not contain such a 
				 fact element yet. If you think the transcript 
				 shows how a statement that is related to the 
				 facts, then create a fact element in the 
				 workspace that represents this statement.]]>
				</feedback-long>
				<highlighting>true</highlighting>
				<addition-params />
			</phase>
		</phases>
		<dependent-analyses />
		<expose>false</expose>
	</rule-action>



	<!--
		R19: No relations between elements but at least four elements present
	-->
	<rule-action id="no_relations">
		<display-name lang="en">R19: No relations between elements but
			at least four elements present</display-name>
		&no_relations;
		<phases>
			<phase id="2" is_default="true">
				<priority>1</priority>
				<representativeness>1</representativeness>
				<feedback-short lang="en">Relate the elements in the
					diagram to others</feedback-short>
				<feedback-long>
				<![CDATA[You have created a diagram with some 
				elements that represent certain parts of the 
				argument shown in the transcript. Now try to 
				relate these elements to each other using the 
				specific relations "modified to", "leads to", 
				"distinguished from" and "analogized to" or a 
				general relation. To do this, either use the 
				"Add..." menu (and then select thy relation type 
				and the numbers of the elements you want to 
				connect) or simply drag the mouse from one of 
				the small semicircles that are attached to an 
				element to another element.]]>
				</feedback-long>
				<highlighting>true</highlighting>
				<addition-params />
			</phase>
		</phases>
		<dependent-analyses />
		<expose>false</expose>
	</rule-action>

	<!--
		R20: Test without text content in 'condition' but in 'conclusion'
	-->
	<rule-action id="test_without_condition">
		<display-name lang="en">R20: Test without text content in
			'condition' but in 'conclusion'</display-name>
		&test_without_condition;
		<phases>
			<phase id="2" is_default="true">
				<priority>1</priority>
				<representativeness>1</representativeness>
				<feedback-short lang="en">Specify when Test applies
				</feedback-short>
				<feedback-long>
				<![CDATA[You have entered a conclusion for test number 
				<b>[##TEST-ID##]</b>. However, you did not state yet when the test 
				applies (the condition). Please enter this in the "IF" 
				part of the text box. You may add conditions to the 
				test by clicking on the "+" button of the test element.]]>
				</feedback-long>
				<highlighting>true</highlighting>
				<addition-params />
			</phase>
		</phases>
		<dependent-analyses />
		<expose>false</expose>
	</rule-action>

	<!--
		R21: Test without text content in 'conclusion' but in 'condition'
	-->
	<rule-action id="test_without_conclusion">
		<display-name lang="en">R21: Test without text content in
			'conclusion' but in 'condition'</display-name>
		&test_without_conclusion;
		<phases>
			<phase id="2" is_default="true">
				<priority>1</priority>
				<representativeness>1</representativeness>
				<feedback-short lang="en">Provide conclusion for test
				</feedback-short>
				<feedback-long>
				<![CDATA[You have specified when the highlighted test 
				applies, but not yet entered the conclusion. Please 
				enter this in the "THEN" text box of the test element.]]>
				</feedback-long>
				<highlighting>true</highlighting>
				<addition-params />
			</phase>
		</phases>
		<dependent-analyses />
		<expose>false</expose>
	</rule-action>

	<!--
		R22: Test without any text content but linked to the transcript
	-->
	<rule-action id="linked_test_without_text">
		<display-name lang="en">R22: Test without any text content but
			linked to the transcript</display-name>
		&linked_test_without_text;
		<phases>
			<phase id="2" is_default="true">
				<priority>1</priority>
				<representativeness>1</representativeness>
				<feedback-short lang="en">Enter description of Test
				</feedback-short>
				<feedback-long>
				<![CDATA[The highlighted test element does not contain 
				any text. Please summarize the part of the transcript 
				that this test refers to (i.e. the part you marked up) 
				in the box. Use an "IF ... THEN" format to state when the 
				test applies (IF) and its conclusion (THEN). You may 
				add conditions to the IF part of the test by clicking 
				on the "+" button of the test element.]]>
				</feedback-long>
				<highlighting>true</highlighting>
				<addition-params />
			</phase>
		</phases>
		<dependent-analyses />
		<expose>false</expose>
	</rule-action>

	<!--
		R23: Hypothetical without text content but linked to the transcript
	-->
	<rule-action id="linked_hypo_without_text">
		<display-name lang="en">R23: Hypothetical without text content
			but linked to the transcript</display-name>
		&linked_hypo_without_text;
		<phases>
			<phase id="2" is_default="true">
				<priority>1</priority>
				<representativeness>1</representativeness>
				<feedback-short lang="en">Enter description of
					hypothetical</feedback-short>
				<feedback-long>
				<![CDATA[The highlighted hypothetical element does not 
				contain any text. Please summarize the part of the 
				transcript that this hypothetical refers to (i.e. the 
				part you marked up) in the box.]]>
				</feedback-long>
				<highlighting>true</highlighting>
				<addition-params />
			</phase>
		</phases>
		<dependent-analyses />
		<expose>false</expose>
	</rule-action>

	<!--
		R24: Test without link to transcript
	-->
	<rule-action id="unlinked_test">
		<display-name lang="en">R24: Test without link to transcript
		</display-name>
		&unlinked_test;
		<phases>
			<phase id="2" is_default="true">
				<priority>1</priority>
				<representativeness>1</representativeness>
				<feedback-short lang="en">Link Test to transcript
				</feedback-short>
				<feedback-long>
				<![CDATA[Your test number <b>[##TEST-ID##]</b> (highlighted) is 
				not linked to a particular part of the transcript. In 
				order to enable the system to provide higher level 
				feedback on your representation of the argument, it 
				is important that you link your diagram elements to the
				part of the text they refer to. Please first highlight
				the passage of the transcript where this test is 
				mentioned. Then drag this text onto the test element 
				box. Once a test is linked to the transcript, you can 
				click on the small green arrow button of the test 
				element to jump to the previously highlighted part 
				whenever you want to.]]>
				</feedback-long>
				<highlighting>true</highlighting>
				<addition-params />
			</phase>
		</phases>
		<dependent-analyses />
		<expose>false</expose>
	</rule-action>

	<!--
		R25: Hypothetical without link to transcript
	-->
	<rule-action id="unlinked_hypo">
		<display-name lang="en">R25: Hypothetical without link to
			transcript
		</display-name>
		&unlinked_hypo;
		<phases>
			<phase id="2" is_default="true">
				<priority>1</priority>
				<representativeness>1</representativeness>
				<feedback-short lang="en">Link Hypothetical to transcript
				</feedback-short>
				<feedback-long>
				<![CDATA[Your hypothetical number <b>[##HYPO-ID##]</b> (highlighted) 
				is not linked to a particular part of the transcript. 
				<p>In order to enable the system to provide higher level 
				feedback on your representation of the argument, it is 
				important that you link your diagram elements to the part of 
				the text they refer to. Please first highlight the passage 
				of the transcript where this hypothetical is mentioned. Then
				drag this text onto the hypothetical element box. Once a 
				hypothetical is linked to the transcript, you can click on 
				the small green arrow button of the hypothetical element to 
				jump to the previously highlighted part whenever you want to.</p>]]>
				</feedback-long>
				<highlighting>true</highlighting>
				<addition-params />
			</phase>
		</phases>
		<dependent-analyses />
		<expose>false</expose>
	</rule-action>

	<!--
		R26: Distinguish edge without text
	-->
	<rule-action id="distinguish_without_text">
		<display-name lang="en">R26: Distinguish edge without text
		</display-name>
		&distinguish_without_text;
		<phases>
			<phase id="2" is_default="true">
				<priority>1</priority>
				<representativeness>1</representativeness>
				<feedback-short lang="en">Give reasons for distinction
				</feedback-short>
				<feedback-long>
				<![CDATA[In your diagram, you have distinguished the two 
				highlighted elements from each other. In fact, distinguishing 
				is a frequently occurring argument move. Usually, attorneys 
				should give a reason why the distinction matters from a 
				legal viewpoint. For instance, does it matter in terms of the 
				principles and policies underlying the issue? Please enter 
				this in the highlighted distinction relation.]]>
				</feedback-long>
				<highlighting>true</highlighting>
				<addition-params />
			</phase>
		</phases>
		<dependent-analyses />
		<expose>false</expose>
	</rule-action>

	<!--
		R27: Analogize edge without text
	-->
	<rule-action id="analogize_without_text">
		<display-name lang="en">R27: Analogize edge without text
		</display-name>
		&analogize_without_text;
		<phases>
			<phase id="2" is_default="true">
				<priority>1</priority>
				<representativeness>1</representativeness>
				<feedback-short lang="en">Give reasons for analogy
				</feedback-short>
				<feedback-long>
				<![CDATA[In your diagram, you have pointed out an analogy 
				between the two highlighted elements. During the argument, 
				attorneys in fact analogize various elements in order to 
				substantiate their position. However, attorneys should 
				usually give a reason why the analogy matters from a legal 
				viewpoint. For instance, does it matter in terms of the 
				principles and policies underlying the issue? Please enter 
				this in the highlighted analogy relation.]]>
				</feedback-long>
				<highlighting>true</highlighting>
				<addition-params />
			</phase>
		</phases>
		<dependent-analyses />
		<expose>false</expose>
	</rule-action>

	<!--
		R28-Inverse: Missed Test
	-->
	<rule-action id="missed_test">
		<display-name lang="en">R28-Inverse: Missed Test
		</display-name>
		&missed_test;
		<phases>
			<phase id="2" is_default="true">
				<priority>1</priority>
				<representativeness>1</representativeness>
				<feedback-short lang="en">Re-read transcript for Tests
				</feedback-short>
				<feedback-long>
				<![CDATA[In your analysis of the transcript, you might 
				have missed something important. Please re-read the transcript from line 
				<b>[##STARTROW##]</b> to line <b>[##ENDROW##]</b>, focusing on tests. 
				Has the attorney proposed any test how to decide the case? 
				If you find a test, then add it to the diagram and link it to the 
				transcript part. Otherwise, in the text box below, please enter an 
				explanation of what is happening in this part of the transcript. ]]>
				</feedback-long>
				<highlighting>true</highlighting>
				<addition-params>
					<param name="RESPONSEREQUIRED" value="TRUE" />
					<param name="STARTROW" dynamic="true" />
					<param name="ENDROW" dynamic="true" />
					<param name="STARTPOINT" dynamic="true" />
					<param name="ENDPOINT" dynamic="true" />
				</addition-params>


			</phase>
		</phases>
		<dependent-analyses />
		<expose>false</expose>
	</rule-action>

	<!--
		R29-Inverse: Missed Hypothetical
	-->
	<rule-action id="missed_hypo">
		<display-name lang="en">R29-Inverse: Missed Hypothetical
		</display-name>
		&missed_hypo;
		<phases>
			<phase id="2" is_default="true">
				<priority>1</priority>
				<representativeness>1</representativeness>
				<feedback-short lang="en">Check transcript for
					Hypotheticals</feedback-short>
				<feedback-long>
				<![CDATA[In your analysis of the transcript, you might have 
				missed something important. Please re-read the transcript from line 
				<b>[##STARTROW##]</b> to line <b>[##ENDROW##]</b>, focusing on 
				hypotheticals. Have the Justices proposed any challenge for the test? 
				If you find a hypothetical, then add it to the diagram and link it 
				to the transcript part. Otherwise, in the text box below, please 
				enter an explanation of what is happening in this part of the 
				transcript.]]>
				</feedback-long>
				<highlighting>true</highlighting>
				<addition-params>
					<param name="RESPONSEREQUIRED" value="TRUE" />
					<param name="STARTROW" dynamic="true" />
					<param name="ENDROW" dynamic="true" />
					<param name="STARTPOINT" dynamic="true" />
					<param name="ENDPOINT" dynamic="true" />
				</addition-params>
			</phase>
		</phases>
		<dependent-analyses />
		<expose>false</expose>
	</rule-action>

	<!--
		R30: Test isolated from Hypotheticals  
	-->
	<rule-action id="test_isolated_from_hypos">
		<display-name lang="en">R30: Test isolated from Hypotheticals
		</display-name>
		&test_isolated_from_hypos;
		<phases>
			<phase id="3" is_default="true">
				<priority>1</priority>
				<representativeness>1</representativeness>
				<feedback-short lang="en">Relate Test to other elements in
					argument graph</feedback-short>
				<feedback-long>
				<![CDATA[The Justices must decide which of the tests offered 
				by the attorneys they will adopt to decide the issue or whether 
				to adopt a different test altogether. To explore which is the 
				better test, the Justices often pose hypothetical situations 
				and ask the attorneys how those hypotheticals should be decided 
				under their proposed test. In response to the Justice's questions, 
				the attorneys are sometimes forced to change their proposed test. 
				Thus, an attorney’s test may change as the argument exchange unfolds. 
				Your diagram contains a test that is not related to any hypothetical 
				at all. Has this test not been challenged in any way? Please read 
				through the transcript and look for situations in which the test 
				was referred to in some way. Then try to represent this in the 
				diagram.]]>
				</feedback-long>
				<highlighting>true</highlighting>
				<addition-params />
			</phase>
		</phases>
		<dependent-analyses />
		<expose>false</expose>
	</rule-action>

	<!--
		R31: Hypothetical isolated from Tests and
			Facts
	-->
	<rule-action id="isolated_hypo">
		<display-name lang="en">R31: Hypothetical isolated from Tests
			and Facts</display-name>
		&isolated_hypo;
		<phases>
			<phase id="3" is_default="true">
				<priority>1</priority>
				<representativeness>1</representativeness>
				<feedback-short lang="en">Relate hypothetical to other
					elements in argument graph</feedback-short>
				<feedback-long>
				<![CDATA[In order to decide which test to adopt for deciding a case, 
				the Justices often pose hypothetical situations and ask the attorney 
				how those hypotheticals should be decided under the proposed test. 
				Your hypothetical number <b>[##HYPO-ID##]</b> is not connected to any test, nor to 
				the facts. Please include in your diagram which test the hypothetical 
				challenges, and (if mentioned in the argument) its relation to the 
				facts as conceived by the attorney. ]]>
				</feedback-long>
				<highlighting>true</highlighting>
				<addition-params />
			</phase>
			<phase id="5">
				<priority>1</priority>
				<representativeness>1</representativeness>
				<feedback-short lang="en">Reflect on role of hypothetical
					in argument</feedback-short>
				<feedback-long>
				<![CDATA[Hypothetical number <b>[##HYPO-ID##]</b> is not 
				related to any fact or test element in the diagram. 
				Typically, if confronted with a hypothetical, the 
				attorneys will respond in some way, e.g. by modifying 
				their test or by comparing the hypo to the facts. None of
				these argument moves is represented in your diagram. 
				In fact, attorneys sometimes do not have an opportunity 
				to fully respond to each single hypothetical that was 
				posed. Apart from the transcript, now reflect upon 
				hypothetical number <b>[##HYPO-ID##]</b> yourself. Is 
				this a good hypothetical that really challenges a test? 
				How does it challenge the test? If the test applies to 
				the hypothetical, does it reach an acceptable tradeoff 
				of the underlying principles/policies? If the test 
				doesn't apply to the hypothetical, should it? What is 
				a good response to it? Write down your answers in the 
				text field below.]]>
				</feedback-long>
				<highlighting>true</highlighting>
				<addition-params>
					<param name="RESPONSEREQUIRED" value="TRUE" />
				</addition-params>
			</phase>
		</phases>
		<dependent-analyses />
		<expose>false</expose>
	</rule-action>

	<!--
		R32: Facts isolated from Hypotheticals
	-->
	<rule-action id="facts_isolated_from_hypos">
		<display-name lang="en">R32: Facts isolated from Hypotheticals
		</display-name>
		&facts_isolated_from_hypos;
		<phases>
			<phase id="3" is_default="true">
				<priority>1</priority>
				<representativeness>1</representativeness>
				<feedback-short lang="en">Relate current Fact situation in
					argument graph</feedback-short>
				<feedback-long>
				<![CDATA[The highlighted element of your diagram represents 
				the facts of the case. This allows you to relate the current 
				fact situation to other elements (representing pieces of the 
				argument). Yet, the facts element is not connected to anything 
				and, in such an isolated manner, does not appear to play much 
				of a role in the argument. Please consider connecting the 
				facts element to other elements, particularly hypotheticals. 
				Did the attorney distinguish the facts of the case from any of 
				the hypotheticals posed? Did he analogize them?]]>
				</feedback-long>
				<highlighting>true</highlighting>
				<addition-params />
			</phase>
		</phases>
		<dependent-analyses />
		<expose>false</expose>
	</rule-action>

	<!--
		R33: A Test in a 'general' relation to the Facts, but neither Facts
		nor Test are related to a Hypothetical
	-->
	<rule-action id="test_facts_without_hypos">
		<display-name lang="en">R33: A Test in a 'general' relation to
			the Facts, but neither Facts nor Test are related to a Hypothetical
		</display-name>
		&test_facts_without_hypos;
		<phases>
			<phase id="3" is_default="true">
				<priority>1</priority>
				<representativeness>1</representativeness>
				<feedback-short lang="en">Think about how Test applies to
					Facts also in light of Hypotheticals</feedback-short>
				<feedback-long>
				<![CDATA[Your diagram shows that you have related test number 
				<b>[##TEST-ID##]</b> and the facts. Thinking how a test applies to the 
				current fact situation is generally a good idea, since the 
				attorney wants his test to be adopted. But the test also gets 
				challenged by hypotheticals during the argument. In response 
				to the Justice's questions, the attorneys are sometimes forced 
				to change their proposed test or distinguish the hypotheticals 
				from the facts. None of this is represented in your diagram. 
				Try to connect the test or the facts to hypotheticals in your 
				diagram in order to represent what happened during the argument.]]>
				</feedback-long>
				<highlighting>true</highlighting>
				<addition-params />
			</phase>
		</phases>
		<dependent-analyses />
		<expose>false</expose>
	</rule-action>

	<!--
		R34: Two Tests in a relation other than 'modified to'
	-->
	<rule-action id="test_relation_not_modify">
		<display-name lang="en">R34: Two Tests in a relation other
			than 'modified to'</display-name>
		&test_relation_not_modify;
		<phases>
			<phase id="3" is_default="true">
				<priority>1</priority>
				<representativeness>1</representativeness>
				<feedback-short lang="en">Explain relation between Tests
				</feedback-short>
				<feedback-long>
				<![CDATA[In your diagram, the two tests with the numbers 
				<b>[##TEST-ID1##]</b> and <b>[##TEST-ID2##]</b> are in the relation of 
				the type "[##LINK-TYPE##]". This usually does not make much 
				sense. Attorneys may however change their test version - 
				in this case, the relation type "modified to" is most 
				appropriate in this tool. Please explain what you wanted 
				to express with this relation between the two tests. You 
				are also allowed to change the diagram if you feel that 
				another relation type fits better. ]]>
				</feedback-long>
				<highlighting>true</highlighting>
				<addition-params>
					<param name="RESPONSEREQUIRED" value="TRUE" />
				</addition-params>
			</phase>
		</phases>
		<dependent-analyses />
		<expose>true</expose>
	</rule-action>

	<!--
		R35: A Hypothetical in a 'general' relation to the Facts
	-->
	<rule-action id="hypo_facts_relation_general">
		<display-name lang="en">R35: A Hypothetical in a 'general'
			relation to the Facts</display-name>
		&hypo_facts_relation_general;
		<phases>
			<phase id="3" is_default="true">
				<priority>1</priority>
				<representativeness>1</representativeness>
				<feedback-short lang="en">Be more specific in comparing
					Facts and Hypothetical</feedback-short>
				<feedback-long>
				<![CDATA[In your diagram, you have connected the hypothetical 
				number <b>[##HYPO-ID##]</b> to an element which represents the 
				facts of the case. Relating hypotheticals to the facts is a good 
				idea. Typically attorneys do this by analogizing or distinguishing. 
				Usually this happens as a response to a hypothetical posed by a 
				Justice. E.g., an attorney can distinguish a hypothetical case 
				from the facts in order to argue why the case should be decided 
				differently under his test. Your diagram, however, is not specific 
				about the how the hypothetical is connected to the facts, since 
				you used a "general" relation. Please think of using another 
				relation type instead and modify your diagram.]]>
				</feedback-long>
				<highlighting>true</highlighting>
				<addition-params />
			</phase>
		</phases>
		<dependent-analyses />
		<expose>false</expose>
	</rule-action>

	<!--
		R36: Two Hypotheticals in a 'general' relation 
	-->
	<rule-action id="hypo_relation_general">
		<display-name lang="en">R36: Two Hypotheticals in a 'general'
			relation</display-name>
		&hypo_relation_general;
		<phases>
			<phase id="3" is_default="true">
				<priority>1</priority>
				<representativeness>1</representativeness>
				<feedback-short lang="en">Provide details about relation
					between Hypotheticals</feedback-short>
				<feedback-long>
				<![CDATA[You have put the two hypotheticals with the number 
				<b>[##HYPO-ID1##]</b> and <b>[##HYPO-ID2##]</b> into a 
				relation. This is a reasonable thing to do. Often, 
				hypotheticals are not isolated during the flow of the 
				argument, but indeed are related to each other. Can you 
				explain more clearly how these two hypos are related to 
				each other? You may also change the "general" relation 
				type you used to a different one to express this.]]>
				</feedback-long>
				<highlighting>true</highlighting>
				<addition-params>
					<param name="RESPONSEREQUIRED" value="TRUE" />
				</addition-params>
			</phase>
		</phases>
		<dependent-analyses />
		<expose>false</expose>
	</rule-action>

	<!--
		R37: Two tests in a 'modified to' relation without Hypotheticals
		related to the first of them or 'leading to' the second
	-->
	<rule-action id="tests_modified_without_reason">
		<display-name lang="en">R37: Two tests in a 'modified to'
			relation without Hypotheticals related to the first of them or
			'leading to' the second</display-name>
		&tests_modified_without_reason;
		<phases>
			<phase id="3" is_default="true">
				<priority>1</priority>
				<representativeness>1</representativeness>
				<feedback-short lang="en">Give reason for Test change
				</feedback-short>
				<feedback-long>
				<![CDATA[You indicate that test <b>[##TEST-ID2##]</b> is a modified 
				version of test <b>[##TEST-ID1##]</b>. This is a situation that 
				frequently happens: reacting to the Justice’s questions, 
				attorneys do sometimes change their test in order to include 
				or exclude hypotheticals. However, your diagram does not 
				reflect what caused this test change, since there is no 
				hypothetical connected to either of the two tests. Please 
				explain the reason for the change in the test, or relate the 
				hypothetical that caused the change to the test in the 
				diagram.]]>
				</feedback-long>
				<highlighting>true</highlighting>
				<addition-params>
					<param name="RESPONSEREQUIRED" value="TRUE" />
				</addition-params>
			</phase>
		</phases>
		<dependent-analyses />
		<expose>false</expose>
	</rule-action>

	<!--
		R38: A Hypothetical that is 'distinguished from' or 'analogized to'
		Facts, not related to a Test (more than 1 Test present)
	-->
	<rule-action id="ambiguous_hypo_relation">
		<display-name lang="en">R38: A Hypothetical that is
			'distinguished from' or 'analogized to' Facts, not related to a Test
			(more than 1 Test present)</display-name>
		&ambiguous_hypo_relation;
		<phases>
			<phase id="3" is_default="true">
				<priority>1</priority>
				<representativeness>1</representativeness>
				<feedback-short lang="en">Specify the Test challenged by a
					Hypothetical</feedback-short>
				<feedback-long>
				<![CDATA[The hypothetical <b>[##HYPO-ID##]</b> is set in relation 
				to the facts according to the diagram. This is a common argument 
				move attorneys make in order to include or exclude the hypothetical 
				with respect to their test. However, since your diagram contains 
				more than one test and you did not connect the hypothetical to any 
				of them, it is not clear to which test the hypothetical is related. 
				Please connect the hypothetical to the test that it challenges.]]>
				</feedback-long>
				<highlighting>true</highlighting>
				<addition-params />
			</phase>
		</phases>
		<dependent-analyses />
		<expose>false</expose>
	</rule-action>

	<!--
		R39: A Hypothetical is related to a Test other than with 'leads to',
		but neither 'distinguished from' nor 'analogized to' Facts
	-->
	<rule-action id="no_response_to_hypo">
		<display-name lang="en">R39: A Hypothetical is related to a
			Test other than with 'leads to', but neither 'distinguished from' nor
			'analogized to' Facts</display-name>
		&no_response_to_hypo;
		<phases>
			<phase id="3" is_default="true">
				<priority>1</priority>
				<representativeness>1</representativeness>
				<feedback-short lang="en">Include response to Hypothetical
					in diagram</feedback-short>
				<feedback-long>
				<![CDATA[In responding to hypotheticals posed by the Justices, 
				attorneys have several options. They can, e.g., modify the test 
				they propose in order to include or exclude the hypothetical, or 
				they can compare the hypothetical to the current fact situation 
				(by distinguishing or analogizing). For the hypothetical 
				number <b>[##HYPO-ID##]</b> in your diagram, no such argument 
				move is visible. Although a connection to the test number 
				<b>[##TEST-ID##]</b> is given, the relation type "[##LINK-TYPE##]"  
				does not represent a response. Did the hypothetical lead to the 
				formulation of this test? Either modify your diagram to include 
				the response to the hypothetical, or explain the response in the 
				text field below.]]>
				</feedback-long>
				<highlighting>true</highlighting>
				<addition-params>
					<param name="RESPONSEREQUIRED" value="TRUE" />
				</addition-params>
			</phase>
		</phases>
		<dependent-analyses />
		<expose>false</expose>
	</rule-action>

	<!--
		R40_R41: A Test in any specific relation ('modified to',
		'distinguished from', 'analogized to', 'leads to') to the Facts
	-->
	<rule-action id="test_facts_relation_specific">
		<display-name lang="en">R40_R41: A Test in any specific
			relation ('modified to', 'distinguished from', 'analogized to',
			'leads to') to the Facts</display-name>
		&test_facts_relation_specific;
		<phases>
			<phase id="4" is_default="true">
				<priority>1</priority>
				<representativeness>1</representativeness>
				<feedback-short lang="en">Explain relation between Test
					and Facts</feedback-short>
				<feedback-long>
				<![CDATA[Test <b>[##TEST-ID##]</b> you stated and included in the 
				diagram should be a general rule for deciding the issue at 
				hand, as proposed by the attorney. The fact elements 
				represent the current fact situation of the case. It is 
				uncommon to understand a test in the relation "[##LINK-TYPE##]"  
				to the current facts. Perhaps it would be a good idea to 
				think about how the test applies to the facts. Explain this 
				to yourself and write down your thoughts in the field below. 
				You are also free to modify your diagram if you think this 
				relation is in fact not what you wanted to express.]]>
				</feedback-long>
				<highlighting>true</highlighting>
				<addition-params>
					<param name="RESPONSEREQUIRED" value="TRUE" />
				</addition-params>
			</phase>
		</phases>
		<dependent-analyses />
		<expose>false</expose>
	</rule-action>

	<!--
		R42: A Test in a 'modified to' relation to a Hypothetical 
	-->
	<rule-action id="test_hypo_relation_modified">
		<display-name lang="en">R42: A Test in a 'modified to'
			relation to a Hypothetical</display-name>
		&test_hypo_relation_modified;
		<phases>
			<phase id="4" is_default="true">
				<priority>1</priority>
				<representativeness>1</representativeness>
				<feedback-short lang="en">Change relation between Test and
					Hypothetical</feedback-short>
				<feedback-long>
				<![CDATA[You state that the test number <b>[##TEST-ID##]</b> is 
				modified into the hypothetical number <b>[##HYPO-ID##]</b>. 
				This does not make sense: how could a rule that is proposed by 
				an attorney become a hypothetical example? Please think about 
				this and change the relationship between the test and the hypo 
				in your diagram.]]>
				</feedback-long>
				<highlighting>true</highlighting>
				<addition-params />
			</phase>
		</phases>
		<dependent-analyses />
		<expose>false</expose>
	</rule-action>

	<!--
		R43: A Hypothetical in a 'modified to' relation to a Test 
	-->
	<rule-action id="hypo_test_relation_modified">
		<display-name lang="en">R43: A Hypothetical in a 'modified to'
			relation to a Test</display-name>
		&hypo_test_relation_modified;
		<phases>
			<phase id="4" is_default="true">
				<priority>1</priority>
				<representativeness>1</representativeness>
				<feedback-short lang="en">Explain how a Hypothetical can
					become a Test</feedback-short>
				<feedback-long>
				<![CDATA[You state that hypothetical <b>[##HYPO-ID##]</b>
				is modified into test <b>[##TEST-ID##]</b>. What do you 
				mean with this? While hypotheticals can be a reason for 
				test modifications (and thus "lead to" test versions), 
				they usually do not become tests. Explain what you meant 
				with the "modified to" relation in the text field below. 
				If you think that a different relation better expresses 
				the argument, you can also change your diagram.]]>
				</feedback-long>
				<highlighting>true</highlighting>
				<addition-params>
					<param name="RESPONSEREQUIRED" value="TRUE" />
				</addition-params>
			</phase>
		</phases>
		<dependent-analyses />
		<expose>false</expose>
	</rule-action>

	<!--
		R44: A Hypothetical that is 'modified to' the Facts 
	-->
	<rule-action id="hypo_facts_relation_modified">
		<display-name lang="en">R44: A Hypothetical that is 'modified
			to' the Facts</display-name>
		&hypo_facts_relation_modified;
		<phases>
			<phase id="4" is_default="true">
				<priority>1</priority>
				<representativeness>1</representativeness>
				<feedback-short lang="en">Explain relation between
					Hypothetical and Facts</feedback-short>
				<feedback-long>
				<![CDATA[Hypotheticals are situations posed by Justices 
				in order to help them decide if they want to adopt an 
				attorney’s proposed test or not. Hypotheticals are 
				usually somehow related to the current fact situation, 
				but how can a hypothetical like number <b>[##HYPO-ID##]</b> 
				be "modified to the facts of the case" as your diagram 
				expresses? Please explain this below or change your 
				diagram.]]>
				</feedback-long>
				<highlighting>true</highlighting>
				<addition-params>
					<param name="RESPONSEREQUIRED" value="TRUE" />
				</addition-params>
			</phase>
		</phases>
		<dependent-analyses />
		<expose>false</expose>
	</rule-action>

	<!--
		R45: A Hypothetical 'leads to' the Facts 
	-->
	<rule-action id="hypo_facts_relation_causes">
		<display-name lang="en">R45: A Hypothetical 'leads to' the
			Facts</display-name>
		&hypo_facts_relation_causes;
		<phases>
			<phase id="4" is_default="true">
				<priority>1</priority>
				<representativeness>1</representativeness>
				<feedback-short lang="en">Change nonsensical relation
					between hypothetical and facts</feedback-short>
				<feedback-long>
				<![CDATA[While a hypothetical is usually similar to the 
				current fact situation in order to be a real challenge to 
				a test, the concept of a hypothetical that "leads to" the 
				facts does not make sense. The current fact situation does 
				not depend on hypos posed by the Justices during the 
				argument. Try to modify your diagram in order to better 
				express the relation between the facts and 
				hypothetical <b>[##HYPO-ID##]</b>.]]>
				</feedback-long>
				<highlighting>true</highlighting>
				<addition-params />
			</phase>
		</phases>
		<dependent-analyses />
		<expose>false</expose>
	</rule-action>

	<!--
		R46: Two Facts elements in any relation 
	-->
	<rule-action id="facts_relations">
		<display-name lang="en">R46: Two Facts elements in any
			relation</display-name>
		&facts_relations;
		<phases>
			<phase id="4" is_default="true">
				<priority>1</priority>
				<representativeness>1</representativeness>
				<feedback-short lang="en">Revise relation between Fact
					elements</feedback-short>
				<feedback-long>
				<![CDATA[The fact elements included in your diagram 
				all represent the current fact situation. It is fine 
				to include multiples of these elements in the diagram, 
				e.g. to get to a more convenient layout or to express 
				different aspects of the facts. But a relation of 
				whatever type between two fact elements is not 
				reasonable, since both elements are just graphical 
				placeholders of the same thing - the facts of the case. 
				Please consider removing the relations between the 
				fact elements.]]>
				</feedback-long>
				<highlighting>true</highlighting>
				<addition-params />
			</phase>
		</phases>
		<dependent-analyses />
		<expose>false</expose>
	</rule-action>

	<!--
		R47: A Hypothetical that 'leads to' more than one Test 
	-->
	<rule-action id="hypo_multiple_leadsto">
		<display-name lang="en">R47: A Hypothetical that 'leads to'
			more than one Test</display-name>
		&hypo_multiple_leadsto;
		<phases>
			<phase id="4" is_default="true">
				<priority>1</priority>
				<representativeness>1</representativeness>
				<feedback-short lang="en">Elaborate on impact of
					Hypothetical</feedback-short>
				<feedback-long>
				<![CDATA[You are right in that hypotheticals posed 
				by Justices can lead to a modification of the test 
				proposed by the attorney. Yet, your diagram is 
				ambiguous: hypothetical <b>[##HYPO-ID##]</b> seems to 
				lead to two tests: number <b>[##TEST-ID1##]</b> and 
				number <b>[##TEST-ID2##]</b>. Did the attorney really 
				offer two different tests in response to this hypo? 
				If this is not the case, then consider removing one 
				of the "leads to" relations from the diagram.]]>
				</feedback-long>
				<highlighting>true</highlighting>
				<addition-params />
			</phase>
		</phases>
		<dependent-analyses />
		<expose>false</expose>
	</rule-action>

	<!--
		R48_R49_R50: Cycles in 'modified to' and 'lead to'relation chains
	-->
	<rule-action id="cyclic_references">
		<display-name lang="en">R48_R49_R50: Cycles in 'modified to'
			and 'lead to'relation chains</display-name>
		&cyclic_references;
		<phases>
			<phase id="4" is_default="true">
				<priority>1</priority>
				<representativeness>1</representativeness>
				<feedback-short lang="en">Check inconsistency in relation
					chains</feedback-short>
				<feedback-long>
				<![CDATA[The set of elements shown is in a cyclic relation. 
				Assuming that "leads to" or "modified to" relations also 
				have a temporal aspect in the argument flow, this cycle 
				does not make sense. On the logical level however, the 
				cycle might be possible. Please explain in the text 
				field below why the relations in this cycle hold - alternatively, 
				you can also modify your diagram.]]>
				</feedback-long>
				<highlighting>true</highlighting>
				<addition-params>
					<param name="RESPONSEREQUIRED" value="TRUE" />
				</addition-params>
			</phase>
		</phases>
		<dependent-analyses />
		<expose>false</expose>
	</rule-action>

	<!--
		R51_R52: Test referred to as Hypothetical
	-->
	<rule-action id="test_as_hypo">
		<display-name lang="en">R51_R52: Test referred to as
			Hypothetical</display-name>
		&test_as_hypo;
		<phases>
			<phase id="4" is_default="true">
				<priority>1</priority>
				<representativeness>1</representativeness>
				<feedback-short lang="en">Re-think role of Hypothetical
				</feedback-short>
				<feedback-long>
				<![CDATA[The element with the number <b>[##HYPO-ID##]</b> 
				is linked to a very important part of the argument 
				transcript. But are you sure that what matters here is a 
				hypothetical? Focus on what the attorney says - doesn’t 
				he propose a test? ]]>
				</feedback-long>
				<highlighting>true</highlighting>
				<addition-params />
			</phase>
		</phases>
		<dependent-analyses />
		<expose>false</expose>
	</rule-action>

	<!--
		R53_R54: Hypothetical referred to as Test
	-->
	<rule-action id="hypo_as_test">
		<display-name lang="en">R53_R54: Hypothetical referred to as
			Test</display-name>
		&hypo_as_test;
		<phases>
			<phase id="4" is_default="true">
				<priority>1</priority>
				<representativeness>1</representativeness>
				<feedback-short lang="en">Re-think role of Test
				</feedback-short>
				<feedback-long>
				<![CDATA[Element number <b>[##TEST-ID##]</b> is linked to 
				a part of the argument transcript that is indeed important. 
				But are you sure that what matters most here is a test? 
				Focus on what the Justices say - are there any relevant 
				hypotheticals?]]>
				</feedback-long>
				<highlighting>true</highlighting>
				<addition-params />
			</phase>
		</phases>
		<dependent-analyses />
		<expose>false</expose>
	</rule-action>

	<!--
		R55: Seemingly irrelevant part of transcript marked up as Test
	-->
	<rule-action id="irrelevant_as_test">
		<display-name lang="en">R55: Seemingly irrelevant part of
			transcript marked up as Test</display-name>
		&irrelevant_as_test;
		<phases>
			<phase id="4" is_default="true">
				<priority>1</priority>
				<representativeness>1</representativeness>
				<feedback-short lang="en">Explain Test</feedback-short>
				<feedback-long>
				<![CDATA[The test with number <b>[##TEST-ID##]</b> you have 
				included in your diagram is linked to a part of the argument 
				transcript where no test is formulated (at least not obviously). 
				Please explain below how you came to this test and its 
				connection to the transcript.]]>
				</feedback-long>
				<highlighting>true</highlighting>
				<addition-params>
					<param name="RESPONSEREQUIRED" value="TRUE" />
				</addition-params>
			</phase>
		</phases>
		<dependent-analyses />
		<expose>false</expose>
	</rule-action>

	<!--
		R56: Seemingly irrelevant part of transcript marked up as Hypothetical
	-->
	<rule-action id="irrelevant_as_hypo">
		<display-name lang="en">R56: Seemingly irrelevant part of
			transcript marked up as Hypothetical</display-name>
		&irrelevant_as_hypo;
		<phases>
			<phase id="4" is_default="true">
				<priority>1</priority>
				<representativeness>1</representativeness>
				<feedback-short lang="en">Explain Hypothetical
				</feedback-short>
				<feedback-long>
				<![CDATA[Hypothetical <b>[##HYPO-ID##]</b> in your diagram is 
				linked to a part of the argument transcript where no hypothetical 
				is formulated (at least not obviously). Please explain below how 
				you came to this hypothetical and its connection to the transcript.]]>
				</feedback-long>
				<highlighting>true</highlighting>
				<addition-params>
					<param name="RESPONSEREQUIRED" value="TRUE" />
				</addition-params>
			</phase>
		</phases>
		<dependent-analyses />
		<expose>false</expose>
	</rule-action>

	<!--
		R57: A Hypothetical that is neither 'distinguished from' nor
		'analogized to' the Facts, and does not 'lead to' a new Test, but is
		related to other Hypotheticals
	-->
	<rule-action id="hypo_hypo_relation_no_response">
		<display-name lang="en">R57: A Hypothetical that is neither
			'distinguished from' nor 'analogized to' the Facts, and does not
			'lead to' a new Test, but is related to other Hypotheticals
		</display-name>
		&hypo_hypo_relation_no_response;
		<phases>
			<phase id="5" is_default="true">
				<priority>1</priority>
				<representativeness>1</representativeness>
				<feedback-short lang="en">Reflect on impact of
					hypothetical</feedback-short>
				<feedback-long>
				<![CDATA[In your diagram, you relate hypothetical <b>[##HYPO-ID1##]</b> to 
				hypothetical <b>[##HYPO-ID2##]</b>. Attorneys may well do this during the 
				argument. Yet, it is also important to discuss the hypothetical with 
				respect to the facts at hand and the test being proposed. In your opinion, 
				how does the hypothetical <b>[##HYPO-ID1##]</b> relate to the facts and the 
				test? For instance, does applying the test to the hypothetical represent 
				an acceptable tradeoff of the underlying policies/principles? What role 
				does it play in the argument? How significant is it? Please explain 
				below.]]>
				</feedback-long>
				<highlighting>true</highlighting>
				<addition-params>
					<param name="RESPONSEREQUIRED" value="TRUE" />
				</addition-params>
			</phase>
		</phases>
		<dependent-analyses />
		<expose>false</expose>
	</rule-action>

	<!--
		R58: Two Tests not even indirectly connected (no direct connection and
		no Hypothetical related to both and leads to one)
	-->
	<rule-action id="unrelated_tests">
		<display-name lang="en">R58: Two Tests not even indirectly
			connected (no direct connection and no Hypothetical related to both
			and leads to one)</display-name>
		&unrelated_tests;
		<phases>
			<phase id="5" is_default="true">
				<priority>1</priority>
				<representativeness>1</representativeness>
				<feedback-short lang="en">Reflect on different Tests
				</feedback-short>
				<feedback-long>
				<![CDATA[You have stated two different tests that are proposed 
				by the attorney: number <b>[##TEST-ID1##]</b> and number 
				<b>[##TEST-ID2##]</b>. In response to the Justice's questions and to 
				accommodate hypotheticals, the attorneys are indeed sometimes forced 
				to change their proposed test. Yet, the two tests in your diagram are 
				somewhat isolated. There is neither an explicit relation between the tests, 
				nor a hypothetical indicated as being related to both versions in a way that 
				could explain a test change. That could well be the case in the argument. 
				Yet, it is worth reflecting on. Please explain to yourself the relations 
				between the different test versions and write down your thoughts in the 
				field below. For instance, do the two tests effect different tradeoffs of 
				the underlying policies/principles? Does any test represent the final 
				position of the attorney?]]>
				</feedback-long>
				<highlighting>true</highlighting>
				<addition-params>
					<param name="RESPONSEREQUIRED" value="TRUE" />
				</addition-params>
			</phase>
		</phases>
		<dependent-analyses />
		<expose>false</expose>
	</rule-action>

	<!--
		R59: A hypothetical is related to the facts and to a test (more than
		one test present)
	-->
	<rule-action id="discuss_hypo_multiple_tests">
		<display-name lang="en">R59: A hypothetical is related to the
			facts and to a test (more than one test present)</display-name>
		&discuss_hypo_multiple_tests;
		<phases>
			<phase id="5" is_default="true">
				<priority>1</priority>
				<representativeness>1</representativeness>
				<feedback-short lang="en">Discuss Hypothetical and Facts
					in light of Test
				</feedback-short>
				<feedback-long>
				<![CDATA[You have related hypothetical <b>[##HYPO-ID##]</b> to both the 
				facts and test number <b>[##TEST-ID##]</b>. The diagram faithfully 
				represents the argument as contained in the transcript. Now please state 
				your own opinion. Think about the current fact situation and the 
				hypothetical in the light of the test and of the underlying principles 
				and policies. What would be your argument in court if you were 
				confronted with hypothetical number <b>[##HYPO-ID##]</b>?]]>
				</feedback-long>
				<highlighting>true</highlighting>
				<addition-params>
					<param name="RESPONSEREQUIRED" value="TRUE" />
				</addition-params>
			</phase>
		</phases>
		<dependent-analyses />
		<expose>false</expose>
	</rule-action>

	<!--
		R60: A hypothetical is related to the facts, and only one test present
		in the workspace
	-->
	<rule-action id="discuss_hypo_one_tests">
		<display-name lang="en">R60: A hypothetical is related to the
			facts, and only one test present in the workspace</display-name>
		&discuss_hypo_one_tests;
		<phases>
			<phase id="5" is_default="true">
				<priority>1</priority>
				<representativeness>1</representativeness>
				<feedback-short lang="en">Discuss Facts and Hypothetical
					in light of Test
				</feedback-short>
				<feedback-long>
				<![CDATA[You have related hypothetical <b>[##HYPO-ID##]</b> to the 
				facts. According to your diagram, the only test proposed by the 
				attorney is element number <b>[##TEST-ID##]</b>. That’s fine. Now 
				please state your own opinion. Think about the current fact 
				situation and the hypothetical in the light of the test and of 
				the underlying principles and policies. What would be your 
				argument in court if you were confronted with hypothetical 
				number <b>[##HYPO-ID##]</b>?]]>
				</feedback-long>
				<highlighting>true</highlighting>
				<addition-params>
					<param name="RESPONSEREQUIRED" value="TRUE" />
				</addition-params>
			</phase>
		</phases>
		<dependent-analyses />
		<expose>false</expose>
	</rule-action>

	<!--
		R61: A Hypothetical that is 'distinguished from' the Facts and 'leads
		to' a new Test
	-->
	<rule-action id="multiple_impact_of_hypo">
		<display-name lang="en">R61: A Hypothetical that is
			'distinguished from' the Facts and 'leads to' a new Test
		</display-name>
		&multiple_impact_of_hypo;
		<phases>
			<phase id="5" is_default="true">
				<priority>1</priority>
				<representativeness>1</representativeness>
				<feedback-short lang="en">Clarify response to Hypothetical
				</feedback-short>
				<feedback-long>
				<![CDATA[Your argument diagram shows hypothetical <b>[##HYPO-ID##]</b> being 
				distinguished from the facts. This is a common argument move for an attorney 
				if he wants to stick to his version of the test. On the other hand, you indicate 
				that the hypothetical also leads to a test version, number <b>[##TEST-ID##]</b>. 
				Please elaborate on the impact of the hypothetical in the text box below. For 
				instance, does applying the test to the hypothetical represent an acceptable 
				tradeoff of the underlying policies/principles? Did the attorney change his test 
				in response to the hypothetical or not? You are also free to modify your 
				diagram based on your thoughts.]]>
				</feedback-long>
				<highlighting>true</highlighting>
				<addition-params>
					<param name="RESPONSEREQUIRED" value="TRUE" />
				</addition-params>
			</phase>
		</phases>
		<dependent-analyses />
		<expose>false</expose>
	</rule-action>

	<filter-action id="best-5">
		<display-name lang="en">Request hint</display-name>
		<subactions>
			<action agent="largo" type="all_types" />
		</subactions>
		<number>5</number> <!-- all -->
		<filter-criteria>
			<criterion id="ONE_PER_TYPE" />
		</filter-criteria>
		<dependent-analyses />
		<expose>true</expose>
	</filter-action>

</agent>