<?xml version='1.0' encoding='UTF-8'?>
<lasaddataservice>
  <username>DFKI</username>
  <password>dfkiclient</password>
  <serverip>localhost</serverip>
  <serverport>1099</serverport>
  <servername>LASAD-1</servername>
  <serverregistryport>1099</serverregistryport>
  <clientname>DFKI</clientname>
  <clientregistryport>65535</clientregistryport>
  <heartbeatrate>20</heartbeatrate>
  <autodeploy>true</autodeploy>
  <autojoin joinall="true">
    <!-- mapid>26</mapid --> 
  </autojoin>
</lasaddataservice>
