<?xml version="1.0" encoding="UTF-8"?>
<lasad-users>

	<!-- a-users (Friday, so) -->
	<user>
		<nickname>a-5L</nickname>
		<password>p</password>
		<role>Guest</role>
	</user>
	<user>
		<nickname>a-5R</nickname>
		<password>p</password>
		<role>Guest</role>
	</user>
	
	<user>
		<nickname>a-6L</nickname>
		<password>p</password>
		<role>Guest</role>
	</user>
	<user>
		<nickname>a-6R</nickname>
		<password>p</password>
		<role>Guest</role>
	</user>
	
	<user>
		<nickname>a-7L</nickname>
		<password>p</password>
		<role>Guest</role>
	</user>
	<user>
		<nickname>a-7R</nickname>
		<password>p</password>
		<role>Guest</role>
	</user>
	
	<user>
		<nickname>a-8L</nickname>
		<password>p</password>
		<role>Guest</role>
	</user>
	<user>
		<nickname>a-8R</nickname>
		<password>p</password>
		<role>Guest</role>
	</user>
	
	<!-- b-users (Friday, nso) -->
	<user>
		<nickname>b-5L</nickname>
		<password>p</password>
		<role>Guest</role>
	</user>
	<user>
		<nickname>b-5R</nickname>
		<password>p</password>
		<role>Guest</role>
	</user>
	
	<user>
		<nickname>b-6L</nickname>
		<password>p</password>
		<role>Guest</role>
	</user>
	<user>
		<nickname>b-6R</nickname>
		<password>p</password>
		<role>Guest</role>
	</user>
	
	<user>
		<nickname>b-7L</nickname>
		<password>p</password>
		<role>Guest</role>
	</user>
	<user>
		<nickname>b-7R</nickname>
		<password>p</password>
		<role>Guest</role>
	</user>
	
	<user>
		<nickname>b-8L</nickname>
		<password>p</password>
		<role>Guest</role>
	</user>
	<user>
		<nickname>b-8R</nickname>
		<password>p</password>
		<role>Guest</role>
	</user>
	
	<!-- c-users (Saturday, so) -->
	<user>
		<nickname>c-5L</nickname>
		<password>p</password>
		<role>Guest</role>
	</user>
	<user>
		<nickname>c-5R</nickname>
		<password>p</password>
		<role>Guest</role>
	</user>
	
	<user>
		<nickname>c-6L</nickname>
		<password>p</password>
		<role>Guest</role>
	</user>
	<user>
		<nickname>c-6R</nickname>
		<password>p</password>
		<role>Guest</role>
	</user>
	
	<user>
		<nickname>c-7L</nickname>
		<password>p</password>
		<role>Guest</role>
	</user>
	<user>
		<nickname>c-7R</nickname>
		<password>p</password>
		<role>Guest</role>
	</user>
	
	<user>
		<nickname>c-8L</nickname>
		<password>p</password>
		<role>Guest</role>
	</user>
	<user>
		<nickname>c-8R</nickname>
		<password>p</password>
		<role>Guest</role>
	</user>
	
	<!-- d-users (Saturday, nso) -->
	<user>
		<nickname>d-5L</nickname>
		<password>p</password>
		<role>Guest</role>
	</user>
	<user>
		<nickname>d-5R</nickname>
		<password>p</password>
		<role>Guest</role>
	</user>
	
	<user>
		<nickname>d-6L</nickname>
		<password>p</password>
		<role>Guest</role>
	</user>
	<user>
		<nickname>d-6R</nickname>
		<password>p</password>
		<role>Guest</role>
	</user>
	
	<user>
		<nickname>d-7L</nickname>
		<password>p</password>
		<role>Guest</role>
	</user>
	<user>
		<nickname>d-7R</nickname>
		<password>p</password>
		<role>Guest</role>
	</user>
	
	<user>
		<nickname>d-8L</nickname>
		<password>p</password>
		<role>Guest</role>
	</user>
	<user>
		<nickname>d-8R</nickname>
		<password>p</password>
		<role>Guest</role>
	</user>
</lasad-users>