<?xml version="1.0" encoding="UTF-8"?>

<ontology type="Climate Ethics - Graph (coll)">
	<elements>
	
		<element elementid="fact" elementtype="box">
			<elementoptions heading="Fact" />
			<uisettings width="190" height="100" resizable="true"
				border="round" background-color="#FF8C00" font-color="#000000" />
			<childelements>
				<element elementid="text" elementtype="text" quantity="1"	minquantity="1" maxquantity="1">
					<elementoptions />
					<uisettings	minheight="34" />
				</element>
				<element elementid="fact-type" elementtype="dropdown" 
					minquantity="1" maxquantity="1" quantity="1">
					<elementoptions selectedoption="standard" label="type" 
						options="standard,definition,statistic,estimate"/>
					<uisettings maxheight="22" minheight="22"/>
				</element>
				<element elementid="source" elementtype="dropdown" 
					minquantity="1" maxquantity="1" quantity="1">
					<elementoptions selectedoption="----" label="source" 
						options="----,Lomborg,Brown"/>
					<uisettings maxheight="22" minheight="22"/>
				</element>
			</childelements>
		</element>
	
		<element elementid="claim" elementtype="box">
			<elementoptions heading="Claim" />
			<uisettings width="190" height="100" resizable="true"
				border="round" background-color="#FFD800" font-color="#000000" />
			<childelements>
				<element elementid="text" elementtype="text" quantity="1"	minquantity="1" maxquantity="1">
					<elementoptions />
					<uisettings	minheight="34" />
				</element>
				<element elementid="source" elementtype="dropdown" 
					minquantity="1" maxquantity="1" quantity="1">
					<elementoptions selectedoption="----" label="source" 
						options="----,Lomborg,Brown"/>
					<uisettings maxheight="22" minheight="22"/>
				</element>
			</childelements>
		</element>
		
		<element elementid="support" elementtype="relation" quantity=""
			minquantity="" maxquantity="">
			<elementoptions heading="support" endings="true" />
			<uisettings width="120" height="120" resizable="false" details="false"
				border="" background-color="#5FC977" font-color="#000000" linewidth="2px"
				linecolor="#5FC977" />
			<childelements/>
		</element>
		
		<element elementid="oppose" elementtype="relation" quantity=""
			minquantity="" maxquantity="">
			<elementoptions heading="oppose" endings="true" />
			<uisettings width="120" height="120" resizable="false" details="false"
				border="" background-color="#FF7979" font-color="#000000" linewidth="2px"
				linecolor="#FF7979" />
			<childelements/>
		</element>
	</elements>
</ontology>