<?xml version="1.0" encoding="UTF-8"?>

<ontology type="Climate Ethics - Notepad">
	<elements>
		<element elementid="lomborg" elementtype="box">
			<elementoptions heading="Lomborg - Notepad" />
			<uisettings width="500" height="450" resizable="false"
				border="round" background-color="#66FF00" font-color="#000000" />
			<childelements>
				<element elementid="content-lomborg" elementtype="text" quantity="1"	minquantity="1" maxquantity="1">
					<elementoptions />
					<uisettings	minheight="350" />
				</element>
			</childelements>
		</element>
		<element elementid="brown" elementtype="box">
			<elementoptions heading="Brown - Notepad" />
			<uisettings width="500" height="450" resizable="false"
				border="round" background-color="#FF6600" font-color="#000000" />
			<childelements>
				<element elementid="content-brown" elementtype="text" quantity="1"	minquantity="1" maxquantity="1">
					<elementoptions />
					<uisettings	minheight="350" />
				</element>
			</childelements>
		</element>
		
		<element elementid="link" elementtype="relation" quantity=""
			minquantity="" maxquantity="">
			<elementoptions heading="link" endings="true" />
			<uisettings width="120" height="120" resizable="false"
				border="" background-color="#FF7979" font-color="#000000" linewidth="2px"
				linecolor="#FF7979" />
			<childelements/>
		</element>
	</elements>
</ontology>