<ActionPackage>
  <Action COMMAND="CREATE-ELEMENT" CATEGORY="MAP">
    <Parameter NAME="TYPE" VALUE="box" />
    <Parameter NAME="MAP-ID" VALUE="16" />
    <Parameter NAME="ELEMENT-ID" VALUE="Microworld Issue" />
    <Parameter NAME="POS-X" VALUE="100" />
    <Parameter NAME="POS-Y" VALUE="100" />
    <Parameter NAME="USERNAME" VALUE="Toby" />
  </Action>
  <Action COMMAND="CREATE-ELEMENT" CATEGORY="MAP">
    <Parameter NAME="TYPE" VALUE="awareness" />
    <Parameter NAME="MAP-ID" VALUE="16" />
    <Parameter NAME="PARENT" VALUE="LAST-ID" />
    <Parameter NAME="ELEMENT-ID" VALUE="author" />
    <Parameter NAME="USERNAME" VALUE="Toby" />
    <Parameter NAME="TIME" VALUE="CURRENT-TIME" />
  </Action>
  <Action COMMAND="CREATE-ELEMENT" CATEGORY="MAP">
    <Parameter NAME="TYPE" VALUE="dropdown" />
    <Parameter NAME="MAP-ID" VALUE="16" />
    <Parameter NAME="PARENT" VALUE="LAST-ID" />
    <Parameter NAME="ELEMENT-ID" VALUE="issue-dropdown" />
    <Parameter NAME="USERNAME" VALUE="Toby" />
  </Action>
  <Action COMMAND="CREATE-ELEMENT" CATEGORY="MAP">
    <Parameter NAME="TYPE" VALUE="text" />
    <Parameter NAME="MAP-ID" VALUE="16" />
    <Parameter NAME="PARENT" VALUE="LAST-ID" />
    <Parameter NAME="ELEMENT-ID" VALUE="issue-text" />
    <Parameter NAME="USERNAME" VALUE="Toby" />
  </Action>
  <Action COMMAND="CREATE-ELEMENT" CATEGORY="MAP">
    <Parameter NAME="TYPE" VALUE="frame" />
    <Parameter NAME="MAP-ID" VALUE="16" />
    <Parameter NAME="PARENT" VALUE="LAST-ID" />
    <Parameter NAME="ELEMENT-ID" VALUE="issue-view" />
    <Parameter NAME="USERNAME" VALUE="Toby" />
  </Action>
  <Action COMMAND="CREATE-ELEMENT" CATEGORY="MAP">
    <Parameter NAME="TYPE" VALUE="xmppMessageButton" />
    <Parameter NAME="MAP-ID" VALUE="16" />
    <Parameter NAME="PARENT" VALUE="LAST-ID" />
    <Parameter NAME="ELEMENT-ID" VALUE="issue-xmpp-button" />
    <Parameter NAME="USERNAME" VALUE="Toby" />
  </Action>
</ActionPackage>