<ActionPackage>
  <Action COMMAND="CREATE-ELEMENT" CATEGORY="MAP">
    <Parameter NAME="TYPE" VALUE="box" />
    <Parameter NAME="MAP-ID" VALUE="1" />
    <Parameter NAME="ELEMENT-ID" VALUE="Reference" />
    <Parameter NAME="POS-X" VALUE="233" />
    <Parameter NAME="POS-Y" VALUE="52" />
  </Action>
  <Action COMMAND="CREATE-ELEMENT" CATEGORY="MAP">
    <Parameter NAME="TYPE" VALUE="image" />
    <Parameter NAME="MAP-ID" VALUE="1" />
    <Parameter NAME="PARENT" VALUE="LAST-ID" />
    <Parameter NAME="ELEMENT-ID" VALUE="image22" />
  </Action>
  <Action COMMAND="CREATE-ELEMENT" CATEGORY="MAP">
    <Parameter NAME="TYPE" VALUE="text" />
    <Parameter NAME="MAP-ID" VALUE="1" />
    <Parameter NAME="PARENT" VALUE="LAST-ID" />
    <Parameter NAME="ELEMENT-ID" VALUE="Reference-text" />
  </Action>
  <Action COMMAND="CREATE-ELEMENT" CATEGORY="MAP">
    <Parameter NAME="TYPE" VALUE="url" />
    <Parameter NAME="MAP-ID" VALUE="1" />
    <Parameter NAME="PARENT" VALUE="LAST-ID" />
    <Parameter NAME="ELEMENT-ID" VALUE="url" />
  </Action>
  <Action COMMAND="CREATE-ELEMENT" CATEGORY="MAP">
    <Parameter NAME="TYPE" VALUE="awareness" />
    <Parameter NAME="MAP-ID" VALUE="1" />
    <Parameter NAME="PARENT" VALUE="LAST-ID" />
    <Parameter NAME="ELEMENT-ID" VALUE="author" />
    <Parameter NAME="USERNAME" VALUE="Metafora" />
    <Parameter NAME="TIME" VALUE="CURRENT-TIME" />
  </Action>
</ActionPackage>