<?xml version="1.0" encoding="UTF-8"?>
<ActionPackage>
  <Action COMMAND="CREATE-ELEMENT" CATEGORY="MAP">
    <Parameter NAME="TYPE" VALUE="box" />
    <Parameter NAME="MAP-ID" VALUE="1" />
    <Parameter NAME="ELEMENT-ID" VALUE="question" />
    <Parameter NAME="POS-X" VALUE="233" />
    <Parameter NAME="POS-Y" VALUE="52" />
  </Action>
  <Action COMMAND="CREATE-ELEMENT" CATEGORY="MAP">
    <Parameter NAME="TYPE" VALUE="text" />
    <Parameter NAME="MAP-ID" VALUE="1" />
    <Parameter NAME="PARENT" VALUE="LAST-ID" />
    <Parameter NAME="ELEMENT-ID" VALUE="text" />
    <Parameter NAME="USERNAME" VALUE="Metafora" />
  </Action>
  <Action COMMAND="CREATE-ELEMENT" CATEGORY="MAP">
    <Parameter NAME="TYPE" VALUE="awareness" />
    <Parameter NAME="MAP-ID" VALUE="1" />
    <Parameter NAME="PARENT" VALUE="LAST-ID" />
    <Parameter NAME="ELEMENT-ID" VALUE="awareness" />
    <Parameter NAME="USERNAME" VALUE="Metafora" />
    <Parameter NAME="TIME" VALUE="CURRENT-TIME" />
  </Action>
  <Parameter NAME="SESSION-ID" VALUE="1beewye2u4wvd" />
</ActionPackage>
