<ActionPackage>
  <Action COMMAND="CREATE-ELEMENT" CATEGORY="MAP">
    <Parameter NAME="TYPE" VALUE="box" />
    <Parameter NAME="MAP-ID" VALUE="1" />
    <Parameter NAME="ELEMENT-ID" VALUE="My Microworld" />
    <Parameter NAME="POS-X" VALUE="50" />
    <Parameter NAME="POS-Y" VALUE="50" />
  </Action>
  <Action COMMAND="CREATE-ELEMENT" CATEGORY="MAP">
    <Parameter NAME="TYPE" VALUE="awareness" />
    <Parameter NAME="MAP-ID" VALUE="1" />
    <Parameter NAME="PARENT" VALUE="LAST-ID" />
    <Parameter NAME="ELEMENT-ID" VALUE="author" />
    <Parameter NAME="USERNAME" VALUE="TobyD" />
    <Parameter NAME="TIME" VALUE="CURRENT-TIME" />
  </Action>
  <Action COMMAND="CREATE-ELEMENT" CATEGORY="MAP">
    <Parameter NAME="TYPE" VALUE="frame" />
    <Parameter NAME="MAP-ID" VALUE="1" />
    <Parameter NAME="PARENT" VALUE="LAST-ID" />
    <Parameter NAME="ELEMENT-ID" VALUE="model-display" />
    <Parameter NAME="USERNAME" VALUE="TobyD" />
  </Action>
  <Action COMMAND="CREATE-ELEMENT" CATEGORY="MAP">
    <Parameter NAME="TYPE" VALUE="frame" />
    <Parameter NAME="MAP-ID" VALUE="1" />
    <Parameter NAME="PARENT" VALUE="LAST-ID" />
    <Parameter NAME="ELEMENT-ID" VALUE="rule-display" />
    <Parameter NAME="USERNAME" VALUE="TobyD" />
  </Action>
  <Action COMMAND="CREATE-ELEMENT" CATEGORY="MAP">
    <Parameter NAME="TYPE" VALUE="dropdown" />
    <Parameter NAME="MAP-ID" VALUE="1" />
    <Parameter NAME="PARENT" VALUE="LAST-ID" />
    <Parameter NAME="ELEMENT-ID" VALUE="explain" />
    <Parameter NAME="USERNAME" VALUE="TobyD" />
  </Action>
  <Action COMMAND="CREATE-ELEMENT" CATEGORY="MAP">
    <Parameter NAME="TYPE" VALUE="text" />
    <Parameter NAME="MAP-ID" VALUE="1" />
    <Parameter NAME="PARENT" VALUE="LAST-ID" />
    <Parameter NAME="ELEMENT-ID" VALUE="My Microworld-text" />
    <Parameter NAME="USERNAME" VALUE="TobyD" />
  </Action>
  <Action COMMAND="CREATE-ELEMENT" CATEGORY="MAP">
    <Parameter NAME="TYPE" VALUE="xmppMessageButton" />
    <Parameter NAME="MAP-ID" VALUE="1" />
    <Parameter NAME="PARENT" VALUE="LAST-ID" />
    <Parameter NAME="ELEMENT-ID" VALUE="issue-xmpp-button" />
    <Parameter NAME="USERNAME" VALUE="TobyD" />
  </Action>
</ActionPackage>