<ActionPackage>
  <Action COMMAND="CREATE-ELEMENT" CATEGORY="MAP">
    <Parameter NAME="TYPE" VALUE="box" />
    <Parameter NAME="MAP-ID" VALUE="1" />
    <Parameter NAME="ELEMENT-ID" VALUE="ToolReference" />
    <Parameter NAME="POS-X" VALUE="233" />
    <Parameter NAME="POS-Y" VALUE="52" />
  </Action>
  <Action COMMAND="CREATE-ELEMENT" CATEGORY="MAP">
    <Parameter NAME="TYPE" VALUE="frame" />
    <Parameter NAME="MAP-ID" VALUE="1" />
    <Parameter NAME="PARENT" VALUE="LAST-ID" />
    <Parameter NAME="ELEMENT-ID" VALUE="tool-ref-frame" />
  </Action>
  <Action COMMAND="CREATE-ELEMENT" CATEGORY="MAP">
    <Parameter NAME="TYPE" VALUE="text" />
    <Parameter NAME="MAP-ID" VALUE="1" />
    <Parameter NAME="PARENT" VALUE="LAST-ID" />
    <Parameter NAME="ELEMENT-ID" VALUE="tool-ref-text" />
  </Action>
  <Action COMMAND="CREATE-ELEMENT" CATEGORY="MAP">
    <Parameter NAME="TYPE" VALUE="url" />
    <Parameter NAME="MAP-ID" VALUE="1" />
    <Parameter NAME="PARENT" VALUE="LAST-ID" />
    <Parameter NAME="ELEMENT-ID" VALUE="tool-ref-url" />
  </Action>
  <Action COMMAND="CREATE-ELEMENT" CATEGORY="MAP">
    <Parameter NAME="TYPE" VALUE="awareness" />
    <Parameter NAME="MAP-ID" VALUE="1" />
    <Parameter NAME="PARENT" VALUE="LAST-ID" />
    <Parameter NAME="ELEMENT-ID" VALUE="tool-ref-author" />
    <Parameter NAME="USERNAME" VALUE="Metafora" />
    <Parameter NAME="TIME" VALUE="CURRENT-TIME" />
  </Action>
</ActionPackage>