<?xml version="1.0" encoding="UTF-8"?>
<lasad-maps>

	<!-- a-users (Friday, so) -->
	<map>
		<name>a-9L - Training</name>
		<template>Klimaethik - Training</template>
		<creator>Administrator</creator>
		<restricted-to-user>
        	<user>a-9L</user>
    	</restricted-to-user>
	</map>
	<map>
		<name>a-9R - Training</name>
		<template>Klimaethik - Training</template>
		<creator>Administrator</creator>
		<restricted-to-user>
        	<user>a-9R</user> 
    	</restricted-to-user>
	</map>
	<map>
		<name>a-9 - Aufgabe</name>
		<template>Klimaethik - Aufgabe (coll, so)</template>
		<creator>Administrator</creator>
		<restricted-to-user>
        	<user>a-9L</user> 
        	<user>a-9R</user>
    	</restricted-to-user>
	</map>
	
	<map>
		<name>a-10L - Training</name>
		<template>Klimaethik - Training</template>
		<creator>Administrator</creator>
		<restricted-to-user>
        	<user>a-10L</user>
    	</restricted-to-user>
	</map>
	<map>
		<name>a-10R - Training</name>
		<template>Klimaethik - Training</template>
		<creator>Administrator</creator>
		<restricted-to-user>
        	<user>a-10R</user> 
    	</restricted-to-user>
	</map>
	<map>
		<name>a-10 - Aufgabe</name>
		<template>Klimaethik - Aufgabe (coll, so)</template>
		<creator>Administrator</creator>
		<restricted-to-user>
        	<user>a-10L</user> 
        	<user>a-10R</user>
    	</restricted-to-user>
	</map>
	
	<map>
		<name>a-11L - Training</name>
		<template>Klimaethik - Training</template>
		<creator>Administrator</creator>
		<restricted-to-user>
        	<user>a-11L</user>
    	</restricted-to-user>
	</map>
	<map>
		<name>a-11R - Training</name>
		<template>Klimaethik - Training</template>
		<creator>Administrator</creator>
		<restricted-to-user>
        	<user>a-11R</user> 
    	</restricted-to-user>
	</map>
	<map>
		<name>a-11 - Aufgabe</name>
		<template>Klimaethik - Aufgabe (coll, so)</template>
		<creator>Administrator</creator>
		<restricted-to-user>
        	<user>a-11L</user> 
        	<user>a-11R</user>
    	</restricted-to-user>
	</map>
	
	<map>
		<name>a-12L - Training</name>
		<template>Klimaethik - Training</template>
		<creator>Administrator</creator>
		<restricted-to-user>
        	<user>a-12L</user>
    	</restricted-to-user>
	</map>
	<map>
		<name>a-12R - Training</name>
		<template>Klimaethik - Training</template>
		<creator>Administrator</creator>
		<restricted-to-user>
        	<user>a-12R</user> 
    	</restricted-to-user>
	</map>
	<map>
		<name>a-12 - Aufgabe</name>
		<template>Klimaethik - Aufgabe (coll, so)</template>
		<creator>Administrator</creator>
		<restricted-to-user>
        	<user>a-12L</user> 
        	<user>a-12R</user>
    	</restricted-to-user>
	</map>
	
	<!-- b-users (Friday, nso) -->
		<map>
		<name>b-9L - Training</name>
		<template>Klimaethik - Training</template>
		<creator>Administrator</creator>
		<restricted-to-user>
        	<user>b-9L</user>
    	</restricted-to-user>
	</map>
	<map>
		<name>b-9R - Training</name>
		<template>Klimaethik - Training</template>
		<creator>Administrator</creator>
		<restricted-to-user>
        	<user>b-9R</user> 
    	</restricted-to-user>
	</map>
	<map>
		<name>b-9 - Aufgabe</name>
		<template>Klimaethik - Aufgabe (coll, nso)</template>
		<creator>Administrator</creator>
		<restricted-to-user>
        	<user>b-9L</user> 
        	<user>b-9R</user>
    	</restricted-to-user>
	</map>
	
	<map>
		<name>b-10L - Training</name>
		<template>Klimaethik - Training</template>
		<creator>Administrator</creator>
		<restricted-to-user>
        	<user>b-10L</user>
    	</restricted-to-user>
	</map>
	<map>
		<name>b-10R - Training</name>
		<template>Klimaethik - Training</template>
		<creator>Administrator</creator>
		<restricted-to-user>
        	<user>b-10R</user> 
    	</restricted-to-user>
	</map>
	<map>
		<name>b-10 - Aufgabe</name>
		<template>Klimaethik - Aufgabe (coll, nso)</template>
		<creator>Administrator</creator>
		<restricted-to-user>
        	<user>b-10L</user> 
        	<user>b-10R</user>
    	</restricted-to-user>
	</map>
	
	<map>
		<name>b-11L - Training</name>
		<template>Klimaethik - Training</template>
		<creator>Administrator</creator>
		<restricted-to-user>
        	<user>b-11L</user>
    	</restricted-to-user>
	</map>
	<map>
		<name>b-11R - Training</name>
		<template>Klimaethik - Training</template>
		<creator>Administrator</creator>
		<restricted-to-user>
        	<user>b-11R</user> 
    	</restricted-to-user>
	</map>
	<map>
		<name>b-11 - Aufgabe</name>
		<template>Klimaethik - Aufgabe (coll, nso)</template>
		<creator>Administrator</creator>
		<restricted-to-user>
        	<user>b-11L</user> 
        	<user>b-11R</user>
    	</restricted-to-user>
	</map>
	
	<map>
		<name>b-12L - Training</name>
		<template>Klimaethik - Training</template>
		<creator>Administrator</creator>
		<restricted-to-user>
        	<user>b-12L</user>
    	</restricted-to-user>
	</map>
	<map>
		<name>b-12R - Training</name>
		<template>Klimaethik - Training</template>
		<creator>Administrator</creator>
		<restricted-to-user>
        	<user>b-12R</user> 
    	</restricted-to-user>
	</map>
	<map>
		<name>b-12 - Aufgabe</name>
		<template>Klimaethik - Aufgabe (coll, nso)</template>
		<creator>Administrator</creator>
		<restricted-to-user>
        	<user>b-12L</user> 
        	<user>b-12R</user>
    	</restricted-to-user>
	</map>
	
		<!-- c-users (Saturday, so) -->
	<map>
		<name>c-9L - Training</name>
		<template>Klimaethik - Training</template>
		<creator>Administrator</creator>
		<restricted-to-user>
        	<user>c-9L</user>
    	</restricted-to-user>
	</map>
	<map>
		<name>c-9R - Training</name>
		<template>Klimaethik - Training</template>
		<creator>Administrator</creator>
		<restricted-to-user>
        	<user>c-9R</user> 
    	</restricted-to-user>
	</map>
	<map>
		<name>c-9 - Aufgabe</name>
		<template>Klimaethik - Aufgabe (coll, so)</template>
		<creator>Administrator</creator>
		<restricted-to-user>
        	<user>c-9L</user> 
        	<user>c-9R</user>
    	</restricted-to-user>
	</map>
	
	<map>
		<name>c-10L - Training</name>
		<template>Klimaethik - Training</template>
		<creator>Administrator</creator>
		<restricted-to-user>
        	<user>c-10L</user>
    	</restricted-to-user>
	</map>
	<map>
		<name>c-10R - Training</name>
		<template>Klimaethik - Training</template>
		<creator>Administrator</creator>
		<restricted-to-user>
        	<user>c-10R</user> 
    	</restricted-to-user>
	</map>
	<map>
		<name>c-10 - Aufgabe</name>
		<template>Klimaethik - Aufgabe (coll, so)</template>
		<creator>Administrator</creator>
		<restricted-to-user>
        	<user>c-10L</user> 
        	<user>c-10R</user>
    	</restricted-to-user>
	</map>
	
	<map>
		<name>c-11L - Training</name>
		<template>Klimaethik - Training</template>
		<creator>Administrator</creator>
		<restricted-to-user>
        	<user>c-11L</user>
    	</restricted-to-user>
	</map>
	<map>
		<name>c-11R - Training</name>
		<template>Klimaethik - Training</template>
		<creator>Administrator</creator>
		<restricted-to-user>
        	<user>c-11R</user> 
    	</restricted-to-user>
	</map>
	<map>
		<name>c-11 - Aufgabe</name>
		<template>Klimaethik - Aufgabe (coll, so)</template>
		<creator>Administrator</creator>
		<restricted-to-user>
        	<user>c-11L</user> 
        	<user>c-11R</user>
    	</restricted-to-user>
	</map>
	
	<map>
		<name>c-12L - Training</name>
		<template>Klimaethik - Training</template>
		<creator>Administrator</creator>
		<restricted-to-user>
        	<user>c-12L</user>
    	</restricted-to-user>
	</map>
	<map>
		<name>c-12R - Training</name>
		<template>Klimaethik - Training</template>
		<creator>Administrator</creator>
		<restricted-to-user>
        	<user>c-12R</user> 
    	</restricted-to-user>
	</map>
	<map>
		<name>c-12 - Aufgabe</name>
		<template>Klimaethik - Aufgabe (coll, so)</template>
		<creator>Administrator</creator>
		<restricted-to-user>
        	<user>c-12L</user> 
        	<user>c-12R</user>
    	</restricted-to-user>
	</map>
	
	<!-- d-users (Saturday, nso) -->
		<map>
		<name>d-9L - Training</name>
		<template>Klimaethik - Training</template>
		<creator>Administrator</creator>
		<restricted-to-user>
        	<user>d-9L</user>
    	</restricted-to-user>
	</map>
	<map>
		<name>d-9R - Training</name>
		<template>Klimaethik - Training</template>
		<creator>Administrator</creator>
		<restricted-to-user>
        	<user>d-9R</user> 
    	</restricted-to-user>
	</map>
	<map>
		<name>d-9 - Aufgabe</name>
		<template>Klimaethik - Aufgabe (coll, nso)</template>
		<creator>Administrator</creator>
		<restricted-to-user>
        	<user>d-9L</user> 
        	<user>d-9R</user>
    	</restricted-to-user>
	</map>
	
	<map>
		<name>d-10L - Training</name>
		<template>Klimaethik - Training</template>
		<creator>Administrator</creator>
		<restricted-to-user>
        	<user>d-10L</user>
    	</restricted-to-user>
	</map>
	<map>
		<name>d-10R - Training</name>
		<template>Klimaethik - Training</template>
		<creator>Administrator</creator>
		<restricted-to-user>
        	<user>d-10R</user> 
    	</restricted-to-user>
	</map>
	<map>
		<name>d-10 - Aufgabe</name>
		<template>Klimaethik - Aufgabe (coll, nso)</template>
		<creator>Administrator</creator>
		<restricted-to-user>
        	<user>d-10L</user> 
        	<user>d-10R</user>
    	</restricted-to-user>
	</map>
	
	<map>
		<name>d-11L - Training</name>
		<template>Klimaethik - Training</template>
		<creator>Administrator</creator>
		<restricted-to-user>
        	<user>d-11L</user>
    	</restricted-to-user>
	</map>
	<map>
		<name>d-11R - Training</name>
		<template>Klimaethik - Training</template>
		<creator>Administrator</creator>
		<restricted-to-user>
        	<user>d-11R</user> 
    	</restricted-to-user>
	</map>
	<map>
		<name>d-11 - Aufgabe</name>
		<template>Klimaethik - Aufgabe (coll, nso)</template>
		<creator>Administrator</creator>
		<restricted-to-user>
        	<user>d-11L</user> 
        	<user>d-11R</user>
    	</restricted-to-user>
	</map>
	
	<map>
		<name>d-12L - Training</name>
		<template>Klimaethik - Training</template>
		<creator>Administrator</creator>
		<restricted-to-user>
        	<user>d-12L</user>
    	</restricted-to-user>
	</map>
	<map>
		<name>d-12R - Training</name>
		<template>Klimaethik - Training</template>
		<creator>Administrator</creator>
		<restricted-to-user>
        	<user>d-12R</user> 
    	</restricted-to-user>
	</map>
	<map>
		<name>d-12 - Aufgabe</name>
		<template>Klimaethik - Aufgabe (coll, nso)</template>
		<creator>Administrator</creator>
		<restricted-to-user>
        	<user>d-12L</user> 
        	<user>d-12R</user>
    	</restricted-to-user>
	</map>
	
</lasad-maps>

