<?xml version="1.0" encoding="UTF-8"?>
<lasad-users>
	<user>
		<nickname>Administrator</nickname>
		<password>adminpw</password>
		<role>Developer</role>
	</user>
	<user>
		<nickname>t1</nickname>
		<password>t1</password>
		<role>Developer</role>
	</user>
	<user>
		<nickname>t2</nickname>
		<password>t2</password>
		<role>Developer</role>
	</user>
	<user>
		<nickname>t3</nickname>
		<password>t3</password>
		<role>Developer</role>
	</user>
	<user>
		<nickname>t4</nickname>
		<password>t4</password>
		<role>Developer</role>
	</user>
	<user>
		<nickname>t5</nickname>
		<password>t5</password>
		<role>Developer</role>
	</user>
	<user>
		<nickname>t6</nickname>
		<password>t6</password>
		<role>Developer</role>
	</user>
	<user>
		<nickname>t7</nickname>
		<password>t7</password>
		<role>Developer</role>
	</user>
	<user>
		<nickname>t8</nickname>
		<password>t8</password>
		<role>Developer</role>
	</user>
	<user>
		<nickname>t9</nickname>
		<password>t9</password>
		<role>Developer</role>
	</user>
	<user>
		<nickname>t10</nickname>
		<password>t10</password>
		<role>Developer</role>
	</user>
	<user>
		<nickname>t11</nickname>
		<password>t11</password>
		<role>Developer</role>
	</user>
	<user>
		<nickname>t12</nickname>
		<password>t12</password>
		<role>Developer</role>
	</user>
	<user>
		<nickname>t13</nickname>
		<password>t13</password>
		<role>Developer</role>
	</user>
	<user>
		<nickname>t14</nickname>
		<password>t14</password>
		<role>Developer</role>
	</user>
	<user>
		<nickname>t15</nickname>
		<password>t15</password>
		<role>Developer</role>
	</user>
	<user>
		<nickname>t16</nickname>
		<password>t16</password>
		<role>Developer</role>
	</user>
	<user>
		<nickname>t17</nickname>
		<password>t17</password>
		<role>Developer</role>
	</user>
	<user>
		<nickname>t18</nickname>
		<password>t18</password>
		<role>Developer</role>
	</user>
	<user>
		<nickname>t19</nickname>
		<password>t19</password>
		<role>Developer</role>
	</user>
	<user>
		<nickname>t20</nickname>
		<password>t20</password>
		<role>Developer</role>
	</user>
	<user>
		<nickname>DFKI</nickname>
		<password>dfkiclient</password>
		<role>Standard</role>
	</user>
	
</lasad-users>