<?xml version="1.0" encoding="UTF-8"?>
<lasad-users>

	<!-- a-users (Friday, so) -->
	<user>
		<nickname>a-9L</nickname>
		<password>p</password>
		<role>Guest</role>
	</user>
	<user>
		<nickname>a-9R</nickname>
		<password>p</password>
		<role>Guest</role>
	</user>
	
	<user>
		<nickname>a-10L</nickname>
		<password>p</password>
		<role>Guest</role>
	</user>
	<user>
		<nickname>a-10R</nickname>
		<password>p</password>
		<role>Guest</role>
	</user>
	
	<user>
		<nickname>a-11L</nickname>
		<password>p</password>
		<role>Guest</role>
	</user>
	<user>
		<nickname>a-11R</nickname>
		<password>p</password>
		<role>Guest</role>
	</user>
	
	<user>
		<nickname>a-12L</nickname>
		<password>p</password>
		<role>Guest</role>
	</user>
	<user>
		<nickname>a-12R</nickname>
		<password>p</password>
		<role>Guest</role>
	</user>
	
	<!-- b-users (Friday, nso) -->
	<user>
		<nickname>b-9L</nickname>
		<password>p</password>
		<role>Guest</role>
	</user>
	<user>
		<nickname>b-9R</nickname>
		<password>p</password>
		<role>Guest</role>
	</user>
	
	<user>
		<nickname>b-10L</nickname>
		<password>p</password>
		<role>Guest</role>
	</user>
	<user>
		<nickname>b-10R</nickname>
		<password>p</password>
		<role>Guest</role>
	</user>
	
	<user>
		<nickname>b-11L</nickname>
		<password>p</password>
		<role>Guest</role>
	</user>
	<user>
		<nickname>b-11R</nickname>
		<password>p</password>
		<role>Guest</role>
	</user>
	
	<user>
		<nickname>b-12L</nickname>
		<password>p</password>
		<role>Guest</role>
	</user>
	<user>
		<nickname>b-12R</nickname>
		<password>p</password>
		<role>Guest</role>
	</user>
	
	<!-- c-users (Saturday, so) -->
	<user>
		<nickname>c-9L</nickname>
		<password>p</password>
		<role>Guest</role>
	</user>
	<user>
		<nickname>c-9R</nickname>
		<password>p</password>
		<role>Guest</role>
	</user>
	
	<user>
		<nickname>c-10L</nickname>
		<password>p</password>
		<role>Guest</role>
	</user>
	<user>
		<nickname>c-10R</nickname>
		<password>p</password>
		<role>Guest</role>
	</user>
	
	<user>
		<nickname>c-11L</nickname>
		<password>p</password>
		<role>Guest</role>
	</user>
	<user>
		<nickname>c-11R</nickname>
		<password>p</password>
		<role>Guest</role>
	</user>
	
	<user>
		<nickname>c-12L</nickname>
		<password>p</password>
		<role>Guest</role>
	</user>
	<user>
		<nickname>c-12R</nickname>
		<password>p</password>
		<role>Guest</role>
	</user>
	
	<!-- d-users (Saturday, nso) -->
	<user>
		<nickname>d-9L</nickname>
		<password>p</password>
		<role>Guest</role>
	</user>
	<user>
		<nickname>d-9R</nickname>
		<password>p</password>
		<role>Guest</role>
	</user>
	
	<user>
		<nickname>d-10L</nickname>
		<password>p</password>
		<role>Guest</role>
	</user>
	<user>
		<nickname>d-10R</nickname>
		<password>p</password>
		<role>Guest</role>
	</user>
	
	<user>
		<nickname>d-11L</nickname>
		<password>p</password>
		<role>Guest</role>
	</user>
	<user>
		<nickname>d-11R</nickname>
		<password>p</password>
		<role>Guest</role>
	</user>
	
	<user>
		<nickname>d-12L</nickname>
		<password>p</password>
		<role>Guest</role>
	</user>
	<user>
		<nickname>d-12R</nickname>
		<password>p</password>
		<role>Guest</role>
	</user>
</lasad-users>