<?xml version="1.0" encoding="UTF-8"?>
<Action time="1304954004228">
  <ActionType type="CREATE_ELEMENT" classification="USER_INTERACTION" succeeded="UNKNOWN" />
  <users>
    <User id="METAFORA" role="controller" />
  </users>
  <objects>
    <Object id="0" type="element">
      <properties>
        <Property name="MAP_ID" value="1" />
        <Property name="ELEMENT_TYPE" value="Image" />
        <Property name="IMAGE_URL" value="http://sara.alexander.free.fr/rw_common/themes/blendit/images/header/image4.jpg"/>
      </properties>
    </Object>
  </objects>
</Action>