<action time="1306355819276">
  <actionType type="CREATE_ELEMENT" classification="USER_INTERACTION" succeeded="UNKNOWN" />
  <users>
    <User id="EXPRESSER" role="controller" />
  </users>
  <objects>
    <Object id="0" type="element">
      <properties>
        <Property name="MAP_ID" value="1" />
        <Property name="ELEMENT_TYPE" value="Reference" />
        <Property name="IMAGE_URL" value="http://web-expresser.appspot.com/?userKey=KwWWk0fzAClMUIX9XCnw78&amp;thumbnail=150"/>
        <Property name="TEXT" value="Student 1's model"/>
        <Property name="REFERENCE_URL" value="http://web-expresser.appspot.com/?userKey=KwWWk0fzAClMUIX9XCnw78"/>
      </properties>
    </Object>
  </objects>
</Action>

<action time='1306841114430'>
	<actiontype classification='USER_INTERACTION' type='CREATE_ELEMENT' succeeded='UNKNOWN' />
	<user id='undefined' userKey='LBCFI01C3ardhMgcldYT4e' role='student' />
	<user id='EXPRESSER' role='controller' />
	<object id='0' type='element'>
		<properties>
			<property name='MAP_ID' value='undefined' />
			<property name='ELEMENT_TYPE' value='Reference' />
			<property name='IMAGE_URL'
				value='http://web-expresser.appspot.com/?userKey=LBCFI01C3ardhMgcldYT4e&thumbnail=200' />
			<property name='REFERENCE_URL'
				value='http://web-expresser.appspot.com/?userKey=LBCFI01C3ardhMgcldYT4e' />
			<property name='TEXT' value="Here is undefined's model." />
		</properties>
	</object>
</action>