<?xml version="1.0" encoding="UTF-8"?>
<Action time="1304954004228">
  <ActionType type="DISPLAY_STATE_URL" classification="USER_INTERACTION" succeeded="UNKNOWN" />
  <users>
    <User id="LasadCommand" role="controller" />
  </users>
  <objects>
    <Object id="0" type="element">
      <properties>
        <Property name="MAP_ID" value="1" />
        <Property name="ELEMENT_TYPE" value="Reference" />
        <Property name="REFERENCE_URL" value="http://sara.alexander.free.fr/rw_common/themes/blendit/images/header/image4.jpg"/>
        </properties>
    </Object>
  </objects>
</Action>