<?xml version="1.0" encoding="UTF-8"?>
<Action time="1304954004228">
  <ActionType type="UPDATE_ELEMENT" classification="USER_INTERACTION" succeeded="UNKNOWN" />
  <users>
    <User id="METAFORA" role="controller" />
  </users>
  <objects>
    <Object id="0" type="element">
      <properties>
        <Property name="MAP_ID" value="1" />
        <Property name="ELEMENT_TYPE" value="Question" />
        <Property name="TEXT" value="What is different about your models?" />
      </properties>
    </Object>
  </objects>
</Action>