<action time="1349431387255">
<actionType logged="true" type="login" classification="other"/>
<user role="originator" id="DFKI"/>
<object type="container" id="0">
<properties>
<property name="MAP-ID" value="0"/>
</properties>
</object>
</action>
<action time="1349431405320">
<actionType logged="true" type="login" classification="other"/>
<user role="originator" id="Toby"/>
<object type="container" id="0">
<properties>
<property name="MAP-ID" value="0"/>
</properties>
</object>
</action>
<action time="1349432152773">
<actionType logged="true" type="logout" classification="other"/>
<user role="originator" id="null"/>
<object type="container" id="0">
<properties>
<property name="MAP-ID" value="0"/>
</properties>
</object>
</action>
<action time="1349432162947">
<actionType logged="true" type="login" classification="other"/>
<user role="originator" id="DFKI"/>
<object type="container" id="0">
<properties>
<property name="MAP-ID" value="0"/>
</properties>
</object>
</action>
<action time="1349432242791">
<actionType logged="true" type="logout" classification="other"/>
<user role="originator" id="null"/>
<object type="container" id="0">
<properties>
<property name="MAP-ID" value="0"/>
</properties>
</object>
</action>
<action time="1349432253488">
<actionType logged="true" type="login" classification="other"/>
<user role="originator" id="DFKI"/>
<object type="container" id="0">
<properties>
<property name="MAP-ID" value="0"/>
</properties>
</object>
</action>
<action time="1349433208238">
<actionType logged="true" type="logout" classification="other"/>
<user role="originator" id="null"/>
<object type="container" id="0">
<properties>
<property name="MAP-ID" value="0"/>
</properties>
</object>
</action>
