<?xml version="1.0" encoding="UTF-8" standalone="yes"?>
<interactiondata>
<preamble>
<users/>
<groups/>
<objects>
<object_def id="Rule Equivalence" type="box">
<properties>
<property name="is_root" value="true"/>
<property name="quantity" value="0"/>
<property name="minquantity" value="0"/>
<property name="maxquantity" value="0"/>
<property name="heading" value="Rule Equivalence"/>
<property name="height" value="200"/>
<property name="width" value="218"/>
<property name="background-color" value="#3366FF"/>
<property name="border" value="standard"/>
</properties>
</object_def>
<object_def id="Rule Equivalence_author" type="awareness">
<properties>
<property name="is_root" value="false"/>
<property name="parentID" value="Rule Equivalence"/>
<property name="quantity" value="1"/>
<property name="minquantity" value="1"/>
<property name="maxquantity" value="1"/>
<property name="maxheight" value="16"/>
<property name="minheight" value="16"/>
</properties>
</object_def>
<object_def id="Rule Equivalence_equivalent-yes-no" type="radiobtn">
<properties>
<property name="is_root" value="false"/>
<property name="parentID" value="Rule Equivalence"/>
<property name="quantity" value="1"/>
<property name="minquantity" value="1"/>
<property name="maxquantity" value="1"/>
<property name="label" value=" Equivalent?"/>
<property name="width" value="212"/>
<property name="maxheight" value="30"/>
<property name="minheight" value="30"/>
</properties>
</object_def>
<object_def id="Rule Equivalence_rule-equivlence-text" type="text">
<properties>
<property name="is_root" value="false"/>
<property name="parentID" value="Rule Equivalence"/>
<property name="quantity" value="1"/>
<property name="minquantity" value="1"/>
<property name="maxquantity" value="1"/>
<property name="texttype" value="textarea"/>
<property name="label" value="because"/>
<property name="maxheight" value="96"/>
<property name="minheight" value="64"/>
</properties>
</object_def>
<object_def id="link" type="relation">
<properties>
<property name="is_root" value="true"/>
<property name="quantity" value="0"/>
<property name="minquantity" value="0"/>
<property name="maxquantity" value="0"/>
<property name="endings" value="true"/>
<property name="heading" value="link"/>
<property name="linewidth" value="2px"/>
<property name="linecolor" value="#000000"/>
<property name="height" value="200"/>
<property name="details" value="false"/>
<property name="width" value="120"/>
<property name="background-color" value="#000000"/>
</properties>
</object_def>
<object_def id="Microworld action" type="box">
<properties>
<property name="is_root" value="true"/>
<property name="quantity" value="0"/>
<property name="minquantity" value="0"/>
<property name="maxquantity" value="0"/>
<property name="heading" value="Microworld action"/>
<property name="height" value="200"/>
<property name="width" value="202"/>
<property name="background-color" value="#CCFFCC"/>
<property name="border" value="round"/>
</properties>
</object_def>
<object_def id="Microworld action_author" type="awareness">
<properties>
<property name="is_root" value="false"/>
<property name="parentID" value="Microworld action"/>
<property name="quantity" value="1"/>
<property name="minquantity" value="1"/>
<property name="maxquantity" value="1"/>
<property name="maxheight" value="16"/>
<property name="minheight" value="16"/>
</properties>
</object_def>
<object_def id="Microworld action_what-dropdown" type="dropdown">
<properties>
<property name="is_root" value="false"/>
<property name="parentID" value="Microworld action"/>
<property name="quantity" value="1"/>
<property name="minquantity" value="1"/>
<property name="maxquantity" value="1"/>
<property name="selectedoption" value=""/>
<property name="label" value="what"/>
<property name="options" value="change,find the relationship,observe,define,crosscheck,repeat,reproduce behaviour"/>
<property name="maxheight" value="22"/>
<property name="minheight" value="22"/>
</properties>
</object_def>
<object_def id="Microworld action_which-dropdown" type="dropdown">
<properties>
<property name="is_root" value="false"/>
<property name="parentID" value="Microworld action"/>
<property name="quantity" value="1"/>
<property name="minquantity" value="1"/>
<property name="maxquantity" value="1"/>
<property name="selectedoption" value=""/>
<property name="label" value="which"/>
<property name="options" value="variable,shape/figure,behaviour,rule,expression,other"/>
<property name="maxheight" value="22"/>
<property name="minheight" value="22"/>
</properties>
</object_def>
<object_def id="Microworld action_microworld-action-text" type="text">
<properties>
<property name="is_root" value="false"/>
<property name="parentID" value="Microworld action"/>
<property name="quantity" value="1"/>
<property name="minquantity" value="1"/>
<property name="maxquantity" value="1"/>
<property name="texttype" value="textarea"/>
<property name="maxheight" value="160"/>
<property name="minheight" value="80"/>
</properties>
</object_def>
<object_def id="Microworld action_microworld-action-view" type="frame">
<properties>
<property name="is_root" value="false"/>
<property name="parentID" value="Microworld action"/>
<property name="quantity" value="0"/>
<property name="minquantity" value="0"/>
<property name="maxquantity" value="1"/>
<property name="windowheight" value="400"/>
<property name="windowwidth" value="400"/>
<property name="defaulturl" value=""/>
<property name="editable" value="true"/>
<property name="minheight" value="100"/>
</properties>
</object_def>
<object_def id="Microworld action_microworld-action-type" type="dropdown">
<properties>
<property name="is_root" value="false"/>
<property name="parentID" value="Microworld action"/>
<property name="quantity" value="1"/>
<property name="minquantity" value="1"/>
<property name="maxquantity" value="1"/>
<property name="selectedoption" value=""/>
<property name="label" value="Type"/>
<property name="options" value="Example,Suggestion,Question,Answer,Explanation,Claim,Other"/>
<property name="maxheight" value="22"/>
<property name="minheight" value="22"/>
</properties>
</object_def>
<object_def id="My Microworld" type="box">
<properties>
<property name="is_root" value="true"/>
<property name="quantity" value="0"/>
<property name="minquantity" value="0"/>
<property name="maxquantity" value="0"/>
<property name="heading" value="My Microworld"/>
<property name="height" value="200"/>
<property name="width" value="275"/>
<property name="background-color" value="#33CCCC"/>
<property name="border" value="round"/>
</properties>
</object_def>
<object_def id="My Microworld_author" type="awareness">
<properties>
<property name="is_root" value="false"/>
<property name="parentID" value="My Microworld"/>
<property name="quantity" value="1"/>
<property name="minquantity" value="1"/>
<property name="maxquantity" value="1"/>
<property name="maxheight" value="16"/>
<property name="minheight" value="16"/>
</properties>
</object_def>
<object_def id="My Microworld_my-microworld-type" type="dropdown">
<properties>
<property name="is_root" value="false"/>
<property name="parentID" value="My Microworld"/>
<property name="quantity" value="1"/>
<property name="minquantity" value="1"/>
<property name="maxquantity" value="1"/>
<property name="selectedoption" value=""/>
<property name="label" value="Type"/>
<property name="options" value="Example,Suggestion,Question,Answer,Explanation,Claim,Other"/>
<property name="maxheight" value="22"/>
<property name="minheight" value="22"/>
</properties>
</object_def>
<object_def id="My Microworld_my-microworld-display" type="frame">
<properties>
<property name="is_root" value="false"/>
<property name="parentID" value="My Microworld"/>
<property name="quantity" value="1"/>
<property name="minquantity" value="1"/>
<property name="maxquantity" value="1"/>
<property name="windowheight" value="400"/>
<property name="windowwidth" value="400"/>
<property name="defaulturl" value=""/>
<property name="editable" value="false"/>
<property name="minheight" value="100"/>
</properties>
</object_def>
<object_def id="My Microworld_my-microworld-text" type="text">
<properties>
<property name="is_root" value="false"/>
<property name="parentID" value="My Microworld"/>
<property name="quantity" value="1"/>
<property name="minquantity" value="1"/>
<property name="maxquantity" value="1"/>
<property name="texttype" value="textarea"/>
<property name="maxheight" value="80"/>
<property name="minheight" value="48"/>
</properties>
</object_def>
<object_def id="My Microworld_my-microworld-xmpp-button" type="xmppMessageButton">
<properties>
<property name="is_root" value="false"/>
<property name="parentID" value="My Microworld"/>
<property name="quantity" value="1"/>
<property name="minquantity" value="1"/>
<property name="maxquantity" value="1"/>
<property name="label" value="Go to Microworld"/>
<property name="maxheight" value="40"/>
<property name="minheight" value="32"/>
</properties>
</object_def>
<object_def id="Help Request" type="box">
<properties>
<property name="is_root" value="true"/>
<property name="quantity" value="0"/>
<property name="minquantity" value="0"/>
<property name="maxquantity" value="0"/>
<property name="heading" value="Help Request"/>
<property name="height" value="200"/>
<property name="width" value="275"/>
<property name="background-color" value="#F5554D"/>
<property name="border" value="round"/>
</properties>
</object_def>
<object_def id="Help Request_author" type="awareness">
<properties>
<property name="is_root" value="false"/>
<property name="parentID" value="Help Request"/>
<property name="quantity" value="1"/>
<property name="minquantity" value="1"/>
<property name="maxquantity" value="1"/>
<property name="maxheight" value="16"/>
<property name="minheight" value="16"/>
</properties>
</object_def>
<object_def id="Help Request_help-request-view" type="frame">
<properties>
<property name="is_root" value="false"/>
<property name="parentID" value="Help Request"/>
<property name="quantity" value="1"/>
<property name="minquantity" value="1"/>
<property name="maxquantity" value="1"/>
<property name="windowheight" value="400"/>
<property name="windowwidth" value="400"/>
<property name="defaulturl" value=""/>
<property name="editable" value="false"/>
<property name="minheight" value="100"/>
</properties>
</object_def>
<object_def id="Help Request_help-request-text" type="text">
<properties>
<property name="is_root" value="false"/>
<property name="parentID" value="Help Request"/>
<property name="quantity" value="1"/>
<property name="minquantity" value="1"/>
<property name="maxquantity" value="1"/>
<property name="texttype" value="textarea"/>
<property name="maxheight" value="80"/>
<property name="minheight" value="48"/>
</properties>
</object_def>
<object_def id="Help Request_help-request-xmpp-button" type="xmppMessageButton">
<properties>
<property name="is_root" value="false"/>
<property name="parentID" value="Help Request"/>
<property name="quantity" value="1"/>
<property name="minquantity" value="1"/>
<property name="maxquantity" value="1"/>
<property name="label" value="Go to Microworld"/>
<property name="maxheight" value="40"/>
<property name="minheight" value="32"/>
</properties>
</object_def>
<object_def id="Comment" type="box">
<properties>
<property name="is_root" value="true"/>
<property name="quantity" value="0"/>
<property name="minquantity" value="0"/>
<property name="maxquantity" value="0"/>
<property name="heading" value="Comment"/>
<property name="height" value="200"/>
<property name="width" value="200"/>
<property name="background-color" value="orange"/>
<property name="border" value="double"/>
</properties>
</object_def>
<object_def id="Comment_author" type="awareness">
<properties>
<property name="is_root" value="false"/>
<property name="parentID" value="Comment"/>
<property name="quantity" value="1"/>
<property name="minquantity" value="1"/>
<property name="maxquantity" value="1"/>
<property name="maxheight" value="16"/>
<property name="minheight" value="16"/>
</properties>
</object_def>
<object_def id="Comment_comment-type" type="dropdown">
<properties>
<property name="is_root" value="false"/>
<property name="parentID" value="Comment"/>
<property name="quantity" value="1"/>
<property name="minquantity" value="1"/>
<property name="maxquantity" value="1"/>
<property name="selectedoption" value=""/>
<property name="label" value="Type"/>
<property name="options" value="Example,Suggestion,Question,Answer,Explanation,Claim,Other"/>
<property name="maxheight" value="22"/>
<property name="minheight" value="22"/>
</properties>
</object_def>
<object_def id="Comment_comment-text" type="text">
<properties>
<property name="is_root" value="false"/>
<property name="parentID" value="Comment"/>
<property name="quantity" value="1"/>
<property name="minquantity" value="1"/>
<property name="maxquantity" value="1"/>
<property name="texttype" value="textarea"/>
<property name="maxheight" value="160"/>
<property name="minheight" value="80"/>
</properties>
</object_def>
<object_def id="Comment_comment-view" type="frame">
<properties>
<property name="is_root" value="false"/>
<property name="parentID" value="Comment"/>
<property name="quantity" value="0"/>
<property name="minquantity" value="0"/>
<property name="maxquantity" value="1"/>
<property name="windowheight" value="400"/>
<property name="windowwidth" value="400"/>
<property name="defaulturl" value=""/>
<property name="editable" value="true"/>
<property name="minheight" value="100"/>
</properties>
</object_def>
</objects>
<roles/>
<conditions/>
<time_range/>
</preamble>
<actions>
<action time="1349431390502">
<actionType logged="true" type="join" classification="other"/>
<user role="originator" id="DFKI (Standard)"/>
<object type="container" id="0">
<properties>
<property name="MAP-ID" value="1"/>
</properties>
</object>
</action>
<action time="1349432152764">
<actionType logged="true" type="leave" classification="other"/>
<user role="originator" id="DFKI (Standard)"/>
<object type="container" id="0">
<properties>
<property name="MAP-ID" value="1"/>
</properties>
</object>
</action>
<?xml version="1.0" encoding="UTF-8" standalone="yes"?>
<interactiondata>
<preamble>
<users/>
<groups/>
<objects>
<object_def id="Rule Equivalence" type="box">
<properties>
<property name="is_root" value="true"/>
<property name="quantity" value="0"/>
<property name="minquantity" value="0"/>
<property name="maxquantity" value="0"/>
<property name="heading" value="Rule Equivalence"/>
<property name="height" value="200"/>
<property name="width" value="218"/>
<property name="background-color" value="#3366FF"/>
<property name="border" value="standard"/>
</properties>
</object_def>
<object_def id="Rule Equivalence_author" type="awareness">
<properties>
<property name="is_root" value="false"/>
<property name="parentID" value="Rule Equivalence"/>
<property name="quantity" value="1"/>
<property name="minquantity" value="1"/>
<property name="maxquantity" value="1"/>
<property name="maxheight" value="16"/>
<property name="minheight" value="16"/>
</properties>
</object_def>
<object_def id="Rule Equivalence_equivalent-yes-no" type="radiobtn">
<properties>
<property name="is_root" value="false"/>
<property name="parentID" value="Rule Equivalence"/>
<property name="quantity" value="1"/>
<property name="minquantity" value="1"/>
<property name="maxquantity" value="1"/>
<property name="label" value=" Equivalent?"/>
<property name="width" value="212"/>
<property name="maxheight" value="30"/>
<property name="minheight" value="30"/>
</properties>
</object_def>
<object_def id="Rule Equivalence_rule-equivlence-text" type="text">
<properties>
<property name="is_root" value="false"/>
<property name="parentID" value="Rule Equivalence"/>
<property name="quantity" value="1"/>
<property name="minquantity" value="1"/>
<property name="maxquantity" value="1"/>
<property name="texttype" value="textarea"/>
<property name="label" value="because"/>
<property name="maxheight" value="96"/>
<property name="minheight" value="64"/>
</properties>
</object_def>
<object_def id="link" type="relation">
<properties>
<property name="is_root" value="true"/>
<property name="quantity" value="0"/>
<property name="minquantity" value="0"/>
<property name="maxquantity" value="0"/>
<property name="endings" value="true"/>
<property name="heading" value="link"/>
<property name="linewidth" value="2px"/>
<property name="linecolor" value="#000000"/>
<property name="height" value="200"/>
<property name="details" value="false"/>
<property name="width" value="120"/>
<property name="background-color" value="#000000"/>
</properties>
</object_def>
<object_def id="Microworld action" type="box">
<properties>
<property name="is_root" value="true"/>
<property name="quantity" value="0"/>
<property name="minquantity" value="0"/>
<property name="maxquantity" value="0"/>
<property name="heading" value="Microworld action"/>
<property name="height" value="200"/>
<property name="width" value="202"/>
<property name="background-color" value="#CCFFCC"/>
<property name="border" value="round"/>
</properties>
</object_def>
<object_def id="Microworld action_author" type="awareness">
<properties>
<property name="is_root" value="false"/>
<property name="parentID" value="Microworld action"/>
<property name="quantity" value="1"/>
<property name="minquantity" value="1"/>
<property name="maxquantity" value="1"/>
<property name="maxheight" value="16"/>
<property name="minheight" value="16"/>
</properties>
</object_def>
<object_def id="Microworld action_what-dropdown" type="dropdown">
<properties>
<property name="is_root" value="false"/>
<property name="parentID" value="Microworld action"/>
<property name="quantity" value="1"/>
<property name="minquantity" value="1"/>
<property name="maxquantity" value="1"/>
<property name="selectedoption" value=""/>
<property name="label" value="what"/>
<property name="options" value="change,find the relationship,observe,define,crosscheck,repeat,reproduce behaviour"/>
<property name="maxheight" value="22"/>
<property name="minheight" value="22"/>
</properties>
</object_def>
<object_def id="Microworld action_which-dropdown" type="dropdown">
<properties>
<property name="is_root" value="false"/>
<property name="parentID" value="Microworld action"/>
<property name="quantity" value="1"/>
<property name="minquantity" value="1"/>
<property name="maxquantity" value="1"/>
<property name="selectedoption" value=""/>
<property name="label" value="which"/>
<property name="options" value="variable,shape/figure,behaviour,rule,expression,other"/>
<property name="maxheight" value="22"/>
<property name="minheight" value="22"/>
</properties>
</object_def>
<object_def id="Microworld action_microworld-action-text" type="text">
<properties>
<property name="is_root" value="false"/>
<property name="parentID" value="Microworld action"/>
<property name="quantity" value="1"/>
<property name="minquantity" value="1"/>
<property name="maxquantity" value="1"/>
<property name="texttype" value="textarea"/>
<property name="maxheight" value="160"/>
<property name="minheight" value="80"/>
</properties>
</object_def>
<object_def id="Microworld action_microworld-action-view" type="frame">
<properties>
<property name="is_root" value="false"/>
<property name="parentID" value="Microworld action"/>
<property name="quantity" value="0"/>
<property name="minquantity" value="0"/>
<property name="maxquantity" value="1"/>
<property name="windowheight" value="400"/>
<property name="windowwidth" value="400"/>
<property name="defaulturl" value=""/>
<property name="editable" value="true"/>
<property name="minheight" value="100"/>
</properties>
</object_def>
<object_def id="Microworld action_microworld-action-type" type="dropdown">
<properties>
<property name="is_root" value="false"/>
<property name="parentID" value="Microworld action"/>
<property name="quantity" value="1"/>
<property name="minquantity" value="1"/>
<property name="maxquantity" value="1"/>
<property name="selectedoption" value=""/>
<property name="label" value="Type"/>
<property name="options" value="Example,Suggestion,Question,Answer,Explanation,Claim,Other"/>
<property name="maxheight" value="22"/>
<property name="minheight" value="22"/>
</properties>
</object_def>
<object_def id="My Microworld" type="box">
<properties>
<property name="is_root" value="true"/>
<property name="quantity" value="0"/>
<property name="minquantity" value="0"/>
<property name="maxquantity" value="0"/>
<property name="heading" value="My Microworld"/>
<property name="height" value="200"/>
<property name="width" value="275"/>
<property name="background-color" value="#33CCCC"/>
<property name="border" value="round"/>
</properties>
</object_def>
<object_def id="My Microworld_author" type="awareness">
<properties>
<property name="is_root" value="false"/>
<property name="parentID" value="My Microworld"/>
<property name="quantity" value="1"/>
<property name="minquantity" value="1"/>
<property name="maxquantity" value="1"/>
<property name="maxheight" value="16"/>
<property name="minheight" value="16"/>
</properties>
</object_def>
<object_def id="My Microworld_my-microworld-type" type="dropdown">
<properties>
<property name="is_root" value="false"/>
<property name="parentID" value="My Microworld"/>
<property name="quantity" value="1"/>
<property name="minquantity" value="1"/>
<property name="maxquantity" value="1"/>
<property name="selectedoption" value=""/>
<property name="label" value="Type"/>
<property name="options" value="Example,Suggestion,Question,Answer,Explanation,Claim,Other"/>
<property name="maxheight" value="22"/>
<property name="minheight" value="22"/>
</properties>
</object_def>
<object_def id="My Microworld_my-microworld-display" type="frame">
<properties>
<property name="is_root" value="false"/>
<property name="parentID" value="My Microworld"/>
<property name="quantity" value="1"/>
<property name="minquantity" value="1"/>
<property name="maxquantity" value="1"/>
<property name="windowheight" value="400"/>
<property name="windowwidth" value="400"/>
<property name="defaulturl" value=""/>
<property name="editable" value="false"/>
<property name="minheight" value="100"/>
</properties>
</object_def>
<object_def id="My Microworld_my-microworld-text" type="text">
<properties>
<property name="is_root" value="false"/>
<property name="parentID" value="My Microworld"/>
<property name="quantity" value="1"/>
<property name="minquantity" value="1"/>
<property name="maxquantity" value="1"/>
<property name="texttype" value="textarea"/>
<property name="maxheight" value="80"/>
<property name="minheight" value="48"/>
</properties>
</object_def>
<object_def id="My Microworld_my-microworld-xmpp-button" type="xmppMessageButton">
<properties>
<property name="is_root" value="false"/>
<property name="parentID" value="My Microworld"/>
<property name="quantity" value="1"/>
<property name="minquantity" value="1"/>
<property name="maxquantity" value="1"/>
<property name="label" value="Go to Microworld"/>
<property name="maxheight" value="40"/>
<property name="minheight" value="32"/>
</properties>
</object_def>
<object_def id="Help Request" type="box">
<properties>
<property name="is_root" value="true"/>
<property name="quantity" value="0"/>
<property name="minquantity" value="0"/>
<property name="maxquantity" value="0"/>
<property name="heading" value="Help Request"/>
<property name="height" value="200"/>
<property name="width" value="275"/>
<property name="background-color" value="#F5554D"/>
<property name="border" value="round"/>
</properties>
</object_def>
<object_def id="Help Request_author" type="awareness">
<properties>
<property name="is_root" value="false"/>
<property name="parentID" value="Help Request"/>
<property name="quantity" value="1"/>
<property name="minquantity" value="1"/>
<property name="maxquantity" value="1"/>
<property name="maxheight" value="16"/>
<property name="minheight" value="16"/>
</properties>
</object_def>
<object_def id="Help Request_help-request-view" type="frame">
<properties>
<property name="is_root" value="false"/>
<property name="parentID" value="Help Request"/>
<property name="quantity" value="1"/>
<property name="minquantity" value="1"/>
<property name="maxquantity" value="1"/>
<property name="windowheight" value="400"/>
<property name="windowwidth" value="400"/>
<property name="defaulturl" value=""/>
<property name="editable" value="false"/>
<property name="minheight" value="100"/>
</properties>
</object_def>
<object_def id="Help Request_help-request-text" type="text">
<properties>
<property name="is_root" value="false"/>
<property name="parentID" value="Help Request"/>
<property name="quantity" value="1"/>
<property name="minquantity" value="1"/>
<property name="maxquantity" value="1"/>
<property name="texttype" value="textarea"/>
<property name="maxheight" value="80"/>
<property name="minheight" value="48"/>
</properties>
</object_def>
<object_def id="Help Request_help-request-xmpp-button" type="xmppMessageButton">
<properties>
<property name="is_root" value="false"/>
<property name="parentID" value="Help Request"/>
<property name="quantity" value="1"/>
<property name="minquantity" value="1"/>
<property name="maxquantity" value="1"/>
<property name="label" value="Go to Microworld"/>
<property name="maxheight" value="40"/>
<property name="minheight" value="32"/>
</properties>
</object_def>
<object_def id="Comment" type="box">
<properties>
<property name="is_root" value="true"/>
<property name="quantity" value="0"/>
<property name="minquantity" value="0"/>
<property name="maxquantity" value="0"/>
<property name="heading" value="Comment"/>
<property name="height" value="200"/>
<property name="width" value="200"/>
<property name="background-color" value="orange"/>
<property name="border" value="double"/>
</properties>
</object_def>
<object_def id="Comment_author" type="awareness">
<properties>
<property name="is_root" value="false"/>
<property name="parentID" value="Comment"/>
<property name="quantity" value="1"/>
<property name="minquantity" value="1"/>
<property name="maxquantity" value="1"/>
<property name="maxheight" value="16"/>
<property name="minheight" value="16"/>
</properties>
</object_def>
<object_def id="Comment_comment-type" type="dropdown">
<properties>
<property name="is_root" value="false"/>
<property name="parentID" value="Comment"/>
<property name="quantity" value="1"/>
<property name="minquantity" value="1"/>
<property name="maxquantity" value="1"/>
<property name="selectedoption" value=""/>
<property name="label" value="Type"/>
<property name="options" value="Example,Suggestion,Question,Answer,Explanation,Claim,Other"/>
<property name="maxheight" value="22"/>
<property name="minheight" value="22"/>
</properties>
</object_def>
<object_def id="Comment_comment-text" type="text">
<properties>
<property name="is_root" value="false"/>
<property name="parentID" value="Comment"/>
<property name="quantity" value="1"/>
<property name="minquantity" value="1"/>
<property name="maxquantity" value="1"/>
<property name="texttype" value="textarea"/>
<property name="maxheight" value="160"/>
<property name="minheight" value="80"/>
</properties>
</object_def>
<object_def id="Comment_comment-view" type="frame">
<properties>
<property name="is_root" value="false"/>
<property name="parentID" value="Comment"/>
<property name="quantity" value="0"/>
<property name="minquantity" value="0"/>
<property name="maxquantity" value="1"/>
<property name="windowheight" value="400"/>
<property name="windowwidth" value="400"/>
<property name="defaulturl" value=""/>
<property name="editable" value="true"/>
<property name="minheight" value="100"/>
</properties>
</object_def>
</objects>
<roles/>
<conditions/>
<time_range/>
</preamble>
<actions>
<action time="1349432164892">
<actionType logged="true" type="join" classification="other"/>
<user role="originator" id="DFKI (Standard)"/>
<object type="container" id="0">
<properties>
<property name="MAP-ID" value="1"/>
</properties>
</object>
</action>
<action time="1349432242789">
<actionType logged="true" type="leave" classification="other"/>
<user role="originator" id="DFKI (Standard)"/>
<object type="container" id="0">
<properties>
<property name="MAP-ID" value="1"/>
</properties>
</object>
</action>
<?xml version="1.0" encoding="UTF-8" standalone="yes"?>
<interactiondata>
<preamble>
<users/>
<groups/>
<objects>
<object_def id="Rule Equivalence" type="box">
<properties>
<property name="is_root" value="true"/>
<property name="quantity" value="0"/>
<property name="minquantity" value="0"/>
<property name="maxquantity" value="0"/>
<property name="heading" value="Rule Equivalence"/>
<property name="height" value="200"/>
<property name="width" value="218"/>
<property name="background-color" value="#3366FF"/>
<property name="border" value="standard"/>
</properties>
</object_def>
<object_def id="Rule Equivalence_author" type="awareness">
<properties>
<property name="is_root" value="false"/>
<property name="parentID" value="Rule Equivalence"/>
<property name="quantity" value="1"/>
<property name="minquantity" value="1"/>
<property name="maxquantity" value="1"/>
<property name="maxheight" value="16"/>
<property name="minheight" value="16"/>
</properties>
</object_def>
<object_def id="Rule Equivalence_equivalent-yes-no" type="radiobtn">
<properties>
<property name="is_root" value="false"/>
<property name="parentID" value="Rule Equivalence"/>
<property name="quantity" value="1"/>
<property name="minquantity" value="1"/>
<property name="maxquantity" value="1"/>
<property name="label" value=" Equivalent?"/>
<property name="width" value="212"/>
<property name="maxheight" value="30"/>
<property name="minheight" value="30"/>
</properties>
</object_def>
<object_def id="Rule Equivalence_rule-equivlence-text" type="text">
<properties>
<property name="is_root" value="false"/>
<property name="parentID" value="Rule Equivalence"/>
<property name="quantity" value="1"/>
<property name="minquantity" value="1"/>
<property name="maxquantity" value="1"/>
<property name="texttype" value="textarea"/>
<property name="label" value="because"/>
<property name="maxheight" value="96"/>
<property name="minheight" value="64"/>
</properties>
</object_def>
<object_def id="link" type="relation">
<properties>
<property name="is_root" value="true"/>
<property name="quantity" value="0"/>
<property name="minquantity" value="0"/>
<property name="maxquantity" value="0"/>
<property name="endings" value="true"/>
<property name="heading" value="link"/>
<property name="linewidth" value="2px"/>
<property name="linecolor" value="#000000"/>
<property name="height" value="200"/>
<property name="details" value="false"/>
<property name="width" value="120"/>
<property name="background-color" value="#000000"/>
</properties>
</object_def>
<object_def id="Microworld action" type="box">
<properties>
<property name="is_root" value="true"/>
<property name="quantity" value="0"/>
<property name="minquantity" value="0"/>
<property name="maxquantity" value="0"/>
<property name="heading" value="Microworld action"/>
<property name="height" value="200"/>
<property name="width" value="202"/>
<property name="background-color" value="#CCFFCC"/>
<property name="border" value="round"/>
</properties>
</object_def>
<object_def id="Microworld action_author" type="awareness">
<properties>
<property name="is_root" value="false"/>
<property name="parentID" value="Microworld action"/>
<property name="quantity" value="1"/>
<property name="minquantity" value="1"/>
<property name="maxquantity" value="1"/>
<property name="maxheight" value="16"/>
<property name="minheight" value="16"/>
</properties>
</object_def>
<object_def id="Microworld action_what-dropdown" type="dropdown">
<properties>
<property name="is_root" value="false"/>
<property name="parentID" value="Microworld action"/>
<property name="quantity" value="1"/>
<property name="minquantity" value="1"/>
<property name="maxquantity" value="1"/>
<property name="selectedoption" value=""/>
<property name="label" value="what"/>
<property name="options" value="change,find the relationship,observe,define,crosscheck,repeat,reproduce behaviour"/>
<property name="maxheight" value="22"/>
<property name="minheight" value="22"/>
</properties>
</object_def>
<object_def id="Microworld action_which-dropdown" type="dropdown">
<properties>
<property name="is_root" value="false"/>
<property name="parentID" value="Microworld action"/>
<property name="quantity" value="1"/>
<property name="minquantity" value="1"/>
<property name="maxquantity" value="1"/>
<property name="selectedoption" value=""/>
<property name="label" value="which"/>
<property name="options" value="variable,shape/figure,behaviour,rule,expression,other"/>
<property name="maxheight" value="22"/>
<property name="minheight" value="22"/>
</properties>
</object_def>
<object_def id="Microworld action_microworld-action-text" type="text">
<properties>
<property name="is_root" value="false"/>
<property name="parentID" value="Microworld action"/>
<property name="quantity" value="1"/>
<property name="minquantity" value="1"/>
<property name="maxquantity" value="1"/>
<property name="texttype" value="textarea"/>
<property name="maxheight" value="160"/>
<property name="minheight" value="80"/>
</properties>
</object_def>
<object_def id="Microworld action_microworld-action-view" type="frame">
<properties>
<property name="is_root" value="false"/>
<property name="parentID" value="Microworld action"/>
<property name="quantity" value="0"/>
<property name="minquantity" value="0"/>
<property name="maxquantity" value="1"/>
<property name="windowheight" value="400"/>
<property name="windowwidth" value="400"/>
<property name="defaulturl" value=""/>
<property name="editable" value="true"/>
<property name="minheight" value="100"/>
</properties>
</object_def>
<object_def id="Microworld action_microworld-action-type" type="dropdown">
<properties>
<property name="is_root" value="false"/>
<property name="parentID" value="Microworld action"/>
<property name="quantity" value="1"/>
<property name="minquantity" value="1"/>
<property name="maxquantity" value="1"/>
<property name="selectedoption" value=""/>
<property name="label" value="Type"/>
<property name="options" value="Example,Suggestion,Question,Answer,Explanation,Claim,Other"/>
<property name="maxheight" value="22"/>
<property name="minheight" value="22"/>
</properties>
</object_def>
<object_def id="My Microworld" type="box">
<properties>
<property name="is_root" value="true"/>
<property name="quantity" value="0"/>
<property name="minquantity" value="0"/>
<property name="maxquantity" value="0"/>
<property name="heading" value="My Microworld"/>
<property name="height" value="200"/>
<property name="width" value="275"/>
<property name="background-color" value="#33CCCC"/>
<property name="border" value="round"/>
</properties>
</object_def>
<object_def id="My Microworld_author" type="awareness">
<properties>
<property name="is_root" value="false"/>
<property name="parentID" value="My Microworld"/>
<property name="quantity" value="1"/>
<property name="minquantity" value="1"/>
<property name="maxquantity" value="1"/>
<property name="maxheight" value="16"/>
<property name="minheight" value="16"/>
</properties>
</object_def>
<object_def id="My Microworld_my-microworld-type" type="dropdown">
<properties>
<property name="is_root" value="false"/>
<property name="parentID" value="My Microworld"/>
<property name="quantity" value="1"/>
<property name="minquantity" value="1"/>
<property name="maxquantity" value="1"/>
<property name="selectedoption" value=""/>
<property name="label" value="Type"/>
<property name="options" value="Example,Suggestion,Question,Answer,Explanation,Claim,Other"/>
<property name="maxheight" value="22"/>
<property name="minheight" value="22"/>
</properties>
</object_def>
<object_def id="My Microworld_my-microworld-display" type="frame">
<properties>
<property name="is_root" value="false"/>
<property name="parentID" value="My Microworld"/>
<property name="quantity" value="1"/>
<property name="minquantity" value="1"/>
<property name="maxquantity" value="1"/>
<property name="windowheight" value="400"/>
<property name="windowwidth" value="400"/>
<property name="defaulturl" value=""/>
<property name="editable" value="false"/>
<property name="minheight" value="100"/>
</properties>
</object_def>
<object_def id="My Microworld_my-microworld-text" type="text">
<properties>
<property name="is_root" value="false"/>
<property name="parentID" value="My Microworld"/>
<property name="quantity" value="1"/>
<property name="minquantity" value="1"/>
<property name="maxquantity" value="1"/>
<property name="texttype" value="textarea"/>
<property name="maxheight" value="80"/>
<property name="minheight" value="48"/>
</properties>
</object_def>
<object_def id="My Microworld_my-microworld-xmpp-button" type="xmppMessageButton">
<properties>
<property name="is_root" value="false"/>
<property name="parentID" value="My Microworld"/>
<property name="quantity" value="1"/>
<property name="minquantity" value="1"/>
<property name="maxquantity" value="1"/>
<property name="label" value="Go to Microworld"/>
<property name="maxheight" value="40"/>
<property name="minheight" value="32"/>
</properties>
</object_def>
<object_def id="Help Request" type="box">
<properties>
<property name="is_root" value="true"/>
<property name="quantity" value="0"/>
<property name="minquantity" value="0"/>
<property name="maxquantity" value="0"/>
<property name="heading" value="Help Request"/>
<property name="height" value="200"/>
<property name="width" value="275"/>
<property name="background-color" value="#F5554D"/>
<property name="border" value="round"/>
</properties>
</object_def>
<object_def id="Help Request_author" type="awareness">
<properties>
<property name="is_root" value="false"/>
<property name="parentID" value="Help Request"/>
<property name="quantity" value="1"/>
<property name="minquantity" value="1"/>
<property name="maxquantity" value="1"/>
<property name="maxheight" value="16"/>
<property name="minheight" value="16"/>
</properties>
</object_def>
<object_def id="Help Request_help-request-view" type="frame">
<properties>
<property name="is_root" value="false"/>
<property name="parentID" value="Help Request"/>
<property name="quantity" value="1"/>
<property name="minquantity" value="1"/>
<property name="maxquantity" value="1"/>
<property name="windowheight" value="400"/>
<property name="windowwidth" value="400"/>
<property name="defaulturl" value=""/>
<property name="editable" value="false"/>
<property name="minheight" value="100"/>
</properties>
</object_def>
<object_def id="Help Request_help-request-text" type="text">
<properties>
<property name="is_root" value="false"/>
<property name="parentID" value="Help Request"/>
<property name="quantity" value="1"/>
<property name="minquantity" value="1"/>
<property name="maxquantity" value="1"/>
<property name="texttype" value="textarea"/>
<property name="maxheight" value="80"/>
<property name="minheight" value="48"/>
</properties>
</object_def>
<object_def id="Help Request_help-request-xmpp-button" type="xmppMessageButton">
<properties>
<property name="is_root" value="false"/>
<property name="parentID" value="Help Request"/>
<property name="quantity" value="1"/>
<property name="minquantity" value="1"/>
<property name="maxquantity" value="1"/>
<property name="label" value="Go to Microworld"/>
<property name="maxheight" value="40"/>
<property name="minheight" value="32"/>
</properties>
</object_def>
<object_def id="Comment" type="box">
<properties>
<property name="is_root" value="true"/>
<property name="quantity" value="0"/>
<property name="minquantity" value="0"/>
<property name="maxquantity" value="0"/>
<property name="heading" value="Comment"/>
<property name="height" value="200"/>
<property name="width" value="200"/>
<property name="background-color" value="orange"/>
<property name="border" value="double"/>
</properties>
</object_def>
<object_def id="Comment_author" type="awareness">
<properties>
<property name="is_root" value="false"/>
<property name="parentID" value="Comment"/>
<property name="quantity" value="1"/>
<property name="minquantity" value="1"/>
<property name="maxquantity" value="1"/>
<property name="maxheight" value="16"/>
<property name="minheight" value="16"/>
</properties>
</object_def>
<object_def id="Comment_comment-type" type="dropdown">
<properties>
<property name="is_root" value="false"/>
<property name="parentID" value="Comment"/>
<property name="quantity" value="1"/>
<property name="minquantity" value="1"/>
<property name="maxquantity" value="1"/>
<property name="selectedoption" value=""/>
<property name="label" value="Type"/>
<property name="options" value="Example,Suggestion,Question,Answer,Explanation,Claim,Other"/>
<property name="maxheight" value="22"/>
<property name="minheight" value="22"/>
</properties>
</object_def>
<object_def id="Comment_comment-text" type="text">
<properties>
<property name="is_root" value="false"/>
<property name="parentID" value="Comment"/>
<property name="quantity" value="1"/>
<property name="minquantity" value="1"/>
<property name="maxquantity" value="1"/>
<property name="texttype" value="textarea"/>
<property name="maxheight" value="160"/>
<property name="minheight" value="80"/>
</properties>
</object_def>
<object_def id="Comment_comment-view" type="frame">
<properties>
<property name="is_root" value="false"/>
<property name="parentID" value="Comment"/>
<property name="quantity" value="0"/>
<property name="minquantity" value="0"/>
<property name="maxquantity" value="1"/>
<property name="windowheight" value="400"/>
<property name="windowwidth" value="400"/>
<property name="defaulturl" value=""/>
<property name="editable" value="true"/>
<property name="minheight" value="100"/>
</properties>
</object_def>
</objects>
<roles/>
<conditions/>
<time_range/>
</preamble>
<actions>
<action time="1349432255306">
<actionType logged="true" type="join" classification="other"/>
<user role="originator" id="DFKI (Standard)"/>
<object type="container" id="0">
<properties>
<property name="MAP-ID" value="1"/>
</properties>
</object>
</action>
<action time="1349433208190">
<actionType logged="true" type="leave" classification="other"/>
<user role="originator" id="DFKI (Standard)"/>
<object type="container" id="0">
<properties>
<property name="MAP-ID" value="1"/>
</properties>
</object>
</action>
