<?xml version="1.0" encoding="UTF-8" standalone="yes"?>
<interactiondata>
<preamble>
<users/>
<groups/>
<objects/>
<roles/>
<conditions/>
<time_range/>
</preamble>
<actions>
<action time="1349432256222">
<actionType logged="true" type="join" classification="other"/>
<user role="originator" id="DFKI (Standard)"/>
<object type="container" id="0">
<properties>
<property name="MAP-ID" value="4"/>
</properties>
</object>
</action>
<?xml version="1.0" encoding="UTF-8" standalone="yes"?>
<interactiondata>
<preamble>
<users/>
<groups/>
<objects/>
<roles/>
<conditions/>
<time_range/>
</preamble>
<actions>
<action time="1349432285879">
<actionType logged="true" type="join" classification="other"/>
<user role="originator" id="Toby (Standard)"/>
<object type="container" id="0">
<properties>
<property name="MAP-ID" value="4"/>
</properties>
</object>
</action>
<action time="1349432290482">
<actionType logged="true" type="box" classification="create"/>
<user role="originator" id="Toby"/>
<object type="container" id="0">
<object type="Comentario" id="16">
<properties>
<property name="TYPE" value="box"/>
<property name="ROOTELEMENTID" value="1"/>
<property name="POS-Y" value="131"/>
<property name="POS-X" value="416"/>
<property name="MAP-ID" value="4"/>
</properties>
</object>
<object type="Comentario_author" id="17">
<properties>
<property name="PARENTID" value="16"/>
<property name="TYPE" value="awareness"/>
<property name="MAP-ID" value="4"/>
</properties>
</object>
<object type="Comentario_Comentario-dropdown" id="18">
<properties>
<property name="PARENTID" value="16"/>
<property name="TYPE" value="dropdown"/>
<property name="MAP-ID" value="4"/>
</properties>
</object>
<object type="Comentario_Comentario-text" id="19">
<properties>
<property name="PARENTID" value="16"/>
<property name="TYPE" value="text"/>
<property name="MAP-ID" value="4"/>
</properties>
</object>
<properties/>
</object>
</action>
<action time="1349432306925">
<actionType logged="true" type="leave" classification="other"/>
<user role="originator" id="Toby (Standard)"/>
<object type="container" id="0">
<properties>
<property name="MAP-ID" value="4"/>
</properties>
</object>
</action>
<action time="1349433208219">
<actionType logged="true" type="leave" classification="other"/>
<user role="originator" id="DFKI (Standard)"/>
<object type="container" id="0">
<properties>
<property name="MAP-ID" value="4"/>
</properties>
</object>
</action>
