
<ontology type="ComparingMicroworlds-1">
	<elements>
		<element elementtype="box" elementid="My Microworld" minquantity="0" maxquantity="0" quantity="0">
			<elementoptions heading="My Microworld"/>
			<uisettings height="200" width="275" background-color="#33CCCC" border="round"/>
			<childelements>
				<element elementtype="awareness" elementid="author" minquantity="1" maxquantity="1" quantity="1">
					<elementoptions/>
					<uisettings maxheight="16" minheight="16"/>
					<childelements/>
				</element>
				<element elementtype="frame" elementid="model-display" minquantity="1" maxquantity="1" quantity="1">
					<elementoptions/>
					<uisettings windowheight="400" windowwidth="400" defaulturl="" editable="false" minheight="100"/>
					<childelements/>
				</element>
				<element elementtype="frame" elementid="rule-display" minquantity="1" maxquantity="1" quantity="1">
					<elementoptions/>
					<uisettings windowheight="400" height="60" windowwidth="400" defaulturl="" maxheight="60" editable="false" minheight="60"/>
					<childelements/>
				</element>
				<element elementtype="text" elementid="My Microworld-text" minquantity="1" maxquantity="1" quantity="1">
					<elementoptions texttype="textarea" label="Explain"/>
					<uisettings maxheight="64" minheight="32"/>
					<childelements/>
				</element>
				<element elementtype="xmppMessageButton" elementid="issue-xmpp-button" minquantity="1" maxquantity="1" quantity="1">
					<elementoptions/>
					<uisettings maxheight="40" minheight="32"/>
					<childelements/>
				</element>
			</childelements>
		</element>
		<element elementtype="box" elementid="Microworld Issue" minquantity="0" maxquantity="0" quantity="0">
			<elementoptions heading="Microworld Issue"/>
			<uisettings height="200" width="270" background-color="#993366" border="standard"/>
			<childelements>
				<element elementtype="awareness" elementid="author" minquantity="1" maxquantity="1" quantity="1">
					<elementoptions/>
					<uisettings maxheight="16" minheight="16"/>
					<childelements/>
				</element>
				<element elementtype="dropdown" elementid="issue-dropdown" minquantity="1" maxquantity="1" quantity="1">
					<elementoptions selectedoption="" label="My issue is" options="something unexpected,something I can't explain,something I need help with"/>
					<uisettings maxheight="22" minheight="22"/>
					<childelements/>
				</element>
				<element elementtype="text" elementid="issue-text" minquantity="1" maxquantity="1" quantity="1">
					<elementoptions texttype="textarea" label="Explain:"/>
					<uisettings maxheight="64" minheight="48"/>
					<childelements/>
				</element>
				<element elementtype="frame" elementid="issue-view" minquantity="1" maxquantity="1" quantity="1">
					<elementoptions/>
					<uisettings windowheight="400" windowwidth="400" defaulturl="" editable="false" minheight="100"/>
					<childelements/>
				</element>
				<element elementtype="xmppMessageButton" elementid="issue-xmpp-button" minquantity="1" maxquantity="1" quantity="1">
					<elementoptions/>
					<uisettings maxheight="40" minheight="32"/>
					<childelements/>
				</element>
			</childelements>
		</element>
	</elements>
</ontology>
