
<ontology type="DiscussingMicroworlds-1">
	<elements>
		<element elementtype="relation" elementid="link" minquantity="0" maxquantity="0" quantity="0">
			<elementoptions endings="true" heading="link"/>
			<uisettings linewidth="2px" linecolor="#000000" height="200" details="false" width="120" background-color="#000000"/>
			<childelements/>
		</element>
		<element elementtype="box" elementid="My Microworld" minquantity="0" maxquantity="0" quantity="0">
			<elementoptions heading="My Microworld"/>
			<uisettings height="200" width="275" background-color="#33CCCC" border="round"/>
			<childelements>
				<element elementtype="awareness" elementid="author" minquantity="1" maxquantity="1" quantity="1">
					<elementoptions/>
					<uisettings maxheight="16" minheight="16"/>
					<childelements/>
				</element>
				<element elementtype="frame" elementid="model-display" minquantity="1" maxquantity="1" quantity="1">
					<elementoptions/>
					<uisettings windowheight="400" windowwidth="400" defaulturl="" editable="false" minheight="100"/>
					<childelements/>
				</element>
				<element elementtype="frame" elementid="rule-display" minquantity="1" maxquantity="1" quantity="1">
					<elementoptions/>
					<uisettings windowheight="400" height="60" windowwidth="400" defaulturl="" editable="false" maxheight="60" minheight="60"/>
					<childelements/>
				</element>
				<element elementtype="dropdown" elementid="explain" minquantity="1" maxquantity="1" quantity="1">
					<elementoptions selectedoption="" label="Explain" options="correctness,equivalence"/>
					<uisettings maxheight="22" minheight="22"/>
					<childelements/>
				</element>
				<element elementtype="text" elementid="My Microworld-text" minquantity="1" maxquantity="1" quantity="1">
					<elementoptions texttype="textarea"/>
					<uisettings maxheight="80" minheight="48"/>
					<childelements/>
				</element>
				<element elementtype="xmppMessageButton" elementid="issue-xmpp-button" minquantity="1" maxquantity="1" quantity="1">
					<elementoptions/>
					<uisettings maxheight="40" minheight="32"/>
					<childelements/>
				</element>
			</childelements>
		</element>
		<element elementtype="box" elementid="Rule Equivalence" minquantity="0" maxquantity="0" quantity="0">
			<elementoptions heading="Rule Equivalence"/>
			<uisettings height="200" width="218" background-color="#3366FF" border="standard"/>
			<childelements>
				<element elementtype="awareness" elementid="author" minquantity="1" maxquantity="1" quantity="1">
					<elementoptions/>
					<uisettings maxheight="16" minheight="16"/>
					<childelements/>
				</element>
				<element elementtype="radiobtn" elementid="equivalent chooser" minquantity="1" maxquantity="1" quantity="1">
					<elementoptions label=" Equivalent?"/>
					<radiobuttonitems>
						<radiobuttonitem id="262853011" label="yes" checked="1"/>
						<radiobuttonitem id="224064872" label="no" checked="0"/>
					</radiobuttonitems>
					<uisettings width="212" maxheight="30" minheight="30"/>
					<childelements/>
				</element>
				<element elementtype="text" elementid="equivalent rules text" minquantity="1" maxquantity="1" quantity="1">
					<elementoptions texttype="textarea" label="because"/>
					<uisettings maxheight="96" minheight="64"/>
					<childelements/>
				</element>
			</childelements>
		</element>
		<element elementtype="box" elementid="Claim" minquantity="0" maxquantity="0" quantity="0">
			<elementoptions heading="Claim"/>
			<uisettings height="200" width="218" background-color="#99CCFF" border="standard"/>
			<childelements>
				<element elementtype="awareness" elementid="author" minquantity="1" maxquantity="1" quantity="1">
					<elementoptions/>
					<uisettings maxheight="16" minheight="16"/>
					<childelements/>
				</element>
				<element elementtype="text" elementid="claim text" minquantity="1" maxquantity="1" quantity="1">
					<elementoptions texttype="textarea"/>
					<uisettings maxheight="96" minheight="64"/>
					<childelements/>
				</element>
			</childelements>
		</element>
		<element elementtype="box" elementid="Microworld Issue" minquantity="0" maxquantity="0" quantity="0">
			<elementoptions heading="Microworld Issue"/>
			<uisettings height="200" width="270" background-color="#993366" border="standard"/>
			<childelements>
				<element elementtype="awareness" elementid="author" minquantity="1" maxquantity="1" quantity="1">
					<elementoptions/>
					<uisettings maxheight="16" minheight="16"/>
					<childelements/>
				</element>
				<element elementtype="dropdown" elementid="issue-dropdown" minquantity="1" maxquantity="1" quantity="1">
					<elementoptions selectedoption="" label="My issue is" options="something unexpected,something I can't explain,something I need help with"/>
					<uisettings maxheight="22" minheight="22"/>
					<childelements/>
				</element>
				<element elementtype="text" elementid="issue-text" minquantity="1" maxquantity="1" quantity="1">
					<elementoptions texttype="textarea" label="Explain:"/>
					<uisettings maxheight="64" minheight="48"/>
					<childelements/>
				</element>
				<element elementtype="frame" elementid="issue-view" minquantity="1" maxquantity="1" quantity="1">
					<elementoptions/>
					<uisettings windowheight="400" windowwidth="400" defaulturl="" editable="false" minheight="100"/>
					<childelements/>
				</element>
				<element elementtype="xmppMessageButton" elementid="issue-xmpp-button" minquantity="1" maxquantity="1" quantity="1">
					<elementoptions/>
					<uisettings maxheight="40" minheight="32"/>
					<childelements/>
				</element>
			</childelements>
		</element>
		<element elementtype="box" elementid="Question" minquantity="0" maxquantity="0" quantity="0">
			<elementoptions heading="Question"/>
			<uisettings height="200" width="218" background-color="#FF6600" border="standard"/>
			<childelements>
				<element elementtype="awareness" elementid="author" minquantity="1" maxquantity="1" quantity="1">
					<elementoptions/>
					<uisettings maxheight="16" minheight="16"/>
					<childelements/>
				</element>
				<element elementtype="text" elementid="question text" minquantity="1" maxquantity="1" quantity="1">
					<elementoptions texttype="textarea"/>
					<uisettings maxheight="96" minheight="64"/>
					<childelements/>
				</element>
			</childelements>
		</element>
		<element elementtype="relation" elementid="Suggestion" minquantity="0" maxquantity="0" quantity="0">
			<elementoptions endings="true" heading="Suggestion"/>
			<uisettings linewidth="2px" height="200" linecolor="orange" width="120" background-color="orange"/>
			<childelements/>
		</element>
		<element elementtype="box" elementid="Rule Equivalence" minquantity="0" maxquantity="0" quantity="0">
			<elementoptions heading="Rule Equivalence"/>
			<uisettings height="200" width="218" background-color="#3366FF" border="standard"/>
			<childelements>
				<element elementtype="awareness" elementid="author" minquantity="1" maxquantity="1" quantity="1">
					<elementoptions/>
					<uisettings maxheight="16" minheight="16"/>
					<childelements/>
				</element>
				<element elementtype="radiobtn" elementid="equivalent chooser" minquantity="1" maxquantity="1" quantity="1">
					<elementoptions label=" Equivalent?"/>
					<radiobuttonitems>
						<radiobuttonitem id="262853011" label="yes" checked="1"/>
						<radiobuttonitem id="224064872" label="no" checked="0"/>
					</radiobuttonitems>
					<uisettings width="212" maxheight="30" minheight="30"/>
					<childelements/>
				</element>
				<element elementtype="text" elementid="equivalent rules text" minquantity="1" maxquantity="1" quantity="1">
					<elementoptions texttype="textarea" label="because"/>
					<uisettings maxheight="96" minheight="64"/>
					<childelements/>
				</element>
			</childelements>
		</element>
		<element elementtype="box" elementid="Comment" minquantity="0" maxquantity="0" quantity="0">
			<elementoptions heading="Comment"/>
			<uisettings height="200" width="200" background-color="orange" border="double"/>
			<childelements>
				<element elementtype="awareness" elementid="author" minquantity="1" maxquantity="1" quantity="1">
					<elementoptions/>
					<uisettings maxheight="16" minheight="16"/>
					<childelements/>
				</element>
				<element elementtype="text" elementid="Other actions-text" minquantity="1" maxquantity="1" quantity="1">
					<elementoptions texttype="textarea"/>
					<uisettings maxheight="160" minheight="80"/>
					<childelements/>
				</element>
				<element elementtype="frame" elementid="Microworld View for Comment" minquantity="0" maxquantity="1" quantity="0">
					<elementoptions/>
					<uisettings windowheight="400" windowwidth="400" defaulturl="" editable="true" minheight="100"/>
					<childelements/>
				</element>
			</childelements>
		</element>
		<element elementtype="box" elementid="Microworld idea" minquantity="0" maxquantity="0" quantity="0">
			<elementoptions heading="Microworld idea"/>
			<uisettings height="200" width="202" background-color="#CCFFCC" border="round"/>
			<childelements>
				<element elementtype="awareness" elementid="author" minquantity="1" maxquantity="1" quantity="1">
					<elementoptions/>
					<uisettings maxheight="16" minheight="16"/>
					<childelements/>
				</element>
				<element elementtype="dropdown" elementid="actions" minquantity="1" maxquantity="1" quantity="1">
					<elementoptions selectedoption="" label="Try to" options="change,find the relationship,observe,define,crosscheck,repeat,reproduce behaviour,construct"/>
					<uisettings maxheight="22" minheight="22"/>
					<childelements/>
				</element>
				<element elementtype="text" elementid="specify action" minquantity="1" maxquantity="1" quantity="1">
					<elementoptions texttype="textarea"/>
					<uisettings maxheight="160" minheight="80"/>
					<childelements/>
				</element>
				<element elementtype="frame" elementid="idea-view" minquantity="0" maxquantity="1" quantity="0">
					<elementoptions/>
					<uisettings windowheight="400" windowwidth="400" defaulturl="" editable="true" minheight="100"/>
					<childelements/>
				</element>
			</childelements>
		</element>
		<element elementtype="relation" elementid="clarification" minquantity="0" maxquantity="0" quantity="0">
			<elementoptions endings="true" heading="clarification"/>
			<uisettings linewidth="2px" linecolor="#CC99FF" height="200" width="151" background-color="#CC99FF"/>
			<childelements/>
		</element>
		<element elementtype="box" elementid="Microworld action" minquantity="0" maxquantity="0" quantity="0">
			<elementoptions heading="Microworld action"/>
			<uisettings height="200" width="289" background-color="#339966" border="double"/>
			<childelements>
				<element elementtype="awareness" elementid="author" minquantity="1" maxquantity="1" quantity="1">
					<elementoptions/>
					<uisettings maxheight="16" minheight="16"/>
					<childelements/>
				</element>
				<element elementtype="dropdown" elementid="elements" minquantity="1" maxquantity="1" quantity="1">
					<elementoptions selectedoption="" label="Relating to" options="variable,shape/figure,behaviour,rule,expression,other element"/>
					<uisettings maxheight="22" minheight="22"/>
					<childelements/>
				</element>
				<element elementtype="text" elementid="mwd-element text" minquantity="1" maxquantity="1" quantity="1">
					<elementoptions texttype="textarea" label="action"/>
					<uisettings maxheight="160" minheight="80"/>
					<childelements/>
				</element>
				<element elementtype="frame" elementid="Microworld View for Action" minquantity="0" maxquantity="1" quantity="0">
					<elementoptions/>
					<uisettings windowheight="400" windowwidth="400" defaulturl="" editable="true" minheight="100"/>
					<childelements/>
				</element>
			</childelements>
		</element>
		<element elementtype="box" elementid="Explanation" minquantity="0" maxquantity="0" quantity="0">
			<elementoptions heading="Explanation"/>
			<uisettings height="200" width="218" background-color="#FFFF99" border="standard"/>
			<childelements>
				<element elementtype="awareness" elementid="author" minquantity="1" maxquantity="1" quantity="1">
					<elementoptions/>
					<uisettings maxheight="16" minheight="16"/>
					<childelements/>
				</element>
				<element elementtype="text" elementid="explanation text" minquantity="1" maxquantity="1" quantity="1">
					<elementoptions texttype="textarea"/>
					<uisettings maxheight="96" minheight="64"/>
					<childelements/>
				</element>
			</childelements>
		</element>
		<element elementtype="box" elementid="Sharing thoughts" minquantity="0" maxquantity="0" quantity="0">
			<elementoptions heading="Sharing thoughts"/>
			<uisettings height="200" width="238" background-color="#FFCC00" border="zigzag"/>
			<childelements>
				<element elementtype="awareness" elementid="author" minquantity="1" maxquantity="1" quantity="1">
					<elementoptions/>
					<uisettings maxheight="16" minheight="16"/>
					<childelements/>
				</element>
				<element elementtype="dropdown" elementid="meta-actions selection" minquantity="1" maxquantity="1" quantity="1">
					<elementoptions selectedoption="" label="I want to" options="ask for help,provide help,comment,explain,share,describe"/>
					<uisettings maxheight="22" minheight="22"/>
					<childelements/>
				</element>
				<element elementtype="text" elementid="explain the action" minquantity="1" maxquantity="1" quantity="1">
					<elementoptions texttype="textarea"/>
					<uisettings maxheight="160" minheight="80"/>
					<childelements/>
				</element>
				<element elementtype="frame" elementid="Microworld view to share" minquantity="0" maxquantity="1" quantity="0">
					<elementoptions/>
					<uisettings windowheight="400" windowwidth="400" defaulturl="" editable="true" minheight="100"/>
					<childelements/>
				</element>
			</childelements>
		</element>
	</elements>
</ontology>
