
<ontology type="DiscussingMicroworlds-5">
	<elements>
		<element elementtype="box" elementid="Microworld action" minquantity="0" maxquantity="0" quantity="0">
			<elementoptions heading="Microworld action"/>
			<uisettings height="200" width="202" background-color="#CCFFCC" border="round"/>
			<childelements>
				<element elementtype="awareness" elementid="author" minquantity="1" maxquantity="1" quantity="1">
					<elementoptions/>
					<uisettings maxheight="16" minheight="16"/>
					<childelements/>
				</element>
				<element elementtype="dropdown" elementid="what-dropdown" minquantity="1" maxquantity="1" quantity="1">
					<elementoptions selectedoption="" label="what" options="change,find the relationship,observe,define,crosscheck,repeat,reproduce behaviour"/>
					<uisettings maxheight="22" minheight="22"/>
					<childelements/>
				</element>
				<element elementtype="dropdown" elementid="which-dropdown" minquantity="1" maxquantity="1" quantity="1">
					<elementoptions selectedoption="" label="which" options="variable,shape/figure,behaviour,rule,expression,other"/>
					<uisettings maxheight="22" minheight="22"/>
					<childelements/>
				</element>
				<element elementtype="text" elementid="microworld-action-text" minquantity="1" maxquantity="1" quantity="1">
					<elementoptions texttype="textarea"/>
					<uisettings maxheight="160" minheight="80"/>
					<childelements/>
				</element>
				<element elementtype="frame" elementid="microworld-action-view" minquantity="0" maxquantity="1" quantity="0">
					<elementoptions/>
					<uisettings windowheight="400" windowwidth="400" defaulturl="" editable="true" minheight="100"/>
					<childelements/>
				</element>
				<element elementtype="dropdown" elementid="microworld-action-type" minquantity="1" maxquantity="1" quantity="1">
					<elementoptions selectedoption="" label="Type" options="Example,Suggestion,Question,Answer,Explanation,Claim,Other"/>
					<uisettings maxheight="22" minheight="22"/>
					<childelements/>
				</element>
			</childelements>
		</element>
		<element elementtype="box" elementid="Comment" minquantity="0" maxquantity="0" quantity="0">
			<elementoptions heading="Comment"/>
			<uisettings height="200" width="200" background-color="orange" border="double"/>
			<childelements>
				<element elementtype="awareness" elementid="author" minquantity="1" maxquantity="1" quantity="1">
					<elementoptions/>
					<uisettings maxheight="16" minheight="16"/>
					<childelements/>
				</element>
				<element elementtype="dropdown" elementid="comment-type" minquantity="1" maxquantity="1" quantity="1">
					<elementoptions selectedoption="" label="Type" options="Example,Suggestion,Question,Answer,Explanation,Claim,Other"/>
					<uisettings maxheight="22" minheight="22"/>
					<childelements/>
				</element>
				<element elementtype="text" elementid="comment-text" minquantity="1" maxquantity="1" quantity="1">
					<elementoptions texttype="textarea"/>
					<uisettings maxheight="160" minheight="80"/>
					<childelements/>
				</element>
				<element elementtype="frame" elementid="comment-view" minquantity="0" maxquantity="1" quantity="0">
					<elementoptions/>
					<uisettings windowheight="400" windowwidth="400" defaulturl="" editable="true" minheight="100"/>
					<childelements/>
				</element>
			</childelements>
		</element>
		<element elementtype="box" elementid="Rule Equivalence" minquantity="0" maxquantity="0" quantity="0">
			<elementoptions heading="Rule Equivalence"/>
			<uisettings height="200" width="218" background-color="#3366FF" border="standard"/>
			<childelements>
				<element elementtype="awareness" elementid="author" minquantity="1" maxquantity="1" quantity="1">
					<elementoptions/>
					<uisettings maxheight="16" minheight="16"/>
					<childelements/>
				</element>
				<element elementtype="radiobtn" elementid="equivalent-yes-no" minquantity="1" maxquantity="1" quantity="1">
					<elementoptions label=" Equivalent?"/>
					<radiobuttonitems>
						<radiobuttonitem id="262853011" label="yes" checked="1"/>
						<radiobuttonitem id="224064872" label="no" checked="0"/>
					</radiobuttonitems>
					<uisettings width="212" maxheight="30" minheight="30"/>
					<childelements/>
				</element>
				<element elementtype="text" elementid="rule-equivlence-text" minquantity="1" maxquantity="1" quantity="1">
					<elementoptions texttype="textarea" label="because"/>
					<uisettings maxheight="96" minheight="64"/>
					<childelements/>
				</element>
			</childelements>
		</element>
		<element elementtype="relation" elementid="link" minquantity="0" maxquantity="0" quantity="0">
			<elementoptions endings="true" heading="link"/>
			<uisettings linewidth="2px" linecolor="#000000" height="200" details="false" width="120" background-color="#000000"/>
			<childelements/>
		</element>
		
		<element elementtype="box" elementid="My Microworld" minquantity="0" maxquantity="0" quantity="0">
			<elementoptions heading="My Microworld" onlyauthorcanmodify="false"/>
			<uisettings height="200" width="275" background-color="#33CCCC" border="round"/>
			<childelements>
				<element elementtype="awareness" elementid="author" minquantity="1" maxquantity="1" quantity="1">
					<elementoptions/>
					<uisettings maxheight="16" minheight="16"/>
					<childelements/>
				</element>
				<element elementtype="dropdown" elementid="my-microworld-type" minquantity="1" maxquantity="1" quantity="1">
					<elementoptions selectedoption="" label="Type" options="Example,Suggestion,Question,Answer,Explanation,Claim,Other"/>
					<uisettings maxheight="22" minheight="22"/>
					<childelements/>
				</element>
				<element elementtype="frame" elementid="my-microworld-display" minquantity="1" maxquantity="1" quantity="1">
					<elementoptions/>
					<uisettings windowheight="400" windowwidth="400" defaulturl="" editable="false" minheight="100"/>
					<childelements/>
				</element>
				<element elementtype="text" elementid="my-microworld-text" minquantity="1" maxquantity="1" quantity="1">
					<elementoptions texttype="textarea"/>
					<uisettings maxheight="80" minheight="48"/>
					<childelements/>
				</element>
				<element elementtype="xmppMessageButton" elementid="my-microworld-xmpp-button" minquantity="1" maxquantity="1" quantity="1">
					<elementoptions label="Go to Microworld"/>
					<uisettings maxheight="40" minheight="32"/>
					<childelements/>
				</element>
			</childelements>
		</element>	
		<element elementtype="box" elementid="Help Request" minquantity="0" maxquantity="0" quantity="0">
			<elementoptions heading="Help Request" onlyauthorcanmodify="false"/>
			<uisettings height="200" width="275" background-color="#F5554D" border="round"/>
			<childelements>
				<element elementtype="awareness" elementid="author" minquantity="1" maxquantity="1" quantity="1">
					<elementoptions/>
					<uisettings maxheight="16" minheight="16"/>
					<childelements/>
				</element>
				<element elementtype="frame" elementid="help-request-view" minquantity="1" maxquantity="1" quantity="1">
					<elementoptions/>
					<uisettings windowheight="400" windowwidth="400" defaulturl="" editable="false" minheight="100"/>
					<childelements/>
				</element>
				<element elementtype="text" elementid="help-request-text" minquantity="1" maxquantity="1" quantity="1">
					<elementoptions texttype="textarea"/>
					<uisettings maxheight="80" minheight="48"/>
					<childelements/>
				</element>
				<element elementtype="xmppMessageButton" elementid="help-request-xmpp-button" minquantity="1" maxquantity="1" quantity="1">
					<elementoptions/>
					<elementoptions label="Go to Microworld"/>
					<uisettings maxheight="40" minheight="32"/>
					<childelements/>
				</element>
			</childelements>
		</element>
	</elements>
</ontology>
