
<ontology type="DiscussingPlans-1">
	<elements>
		<element elementtype="box" elementid="Planning Card" minquantity="0" maxquantity="0" quantity="0">
			<elementoptions heading="Planning Card"/>
			<uisettings height="200" width="200" background-color="#99CC00" border="standard"/>
			<childelements>
				<element elementtype="awareness" elementid="author" minquantity="1" maxquantity="1" quantity="1">
					<elementoptions/>
					<uisettings maxheight="16" minheight="16"/>
					<childelements/>
				</element>
				<element elementtype="dropdown" elementid="discuss-options" minquantity="1" maxquantity="1" quantity="1">
					<elementoptions selectedoption="" label="Discuss:" options="What this card means,Why to use this card"/>
					<uisettings maxheight="22" minheight="22"/>
					<childelements/>
				</element>
				<element elementtype="frame" elementid="Planning-card-view" minquantity="1" maxquantity="1" quantity="1">
					<elementoptions/>
					<uisettings windowheight="400" windowwidth="400" defaulturl="" editable="true" minheight="100" minwidth="100"/>
					<childelements/>
				</element>
				<element elementtype="xmppMessageButton" elementid="issue-xmpp-button" minquantity="1" maxquantity="1" quantity="1">
					<elementoptions/>
					<uisettings maxheight="40" minheight="32"/>
					<childelements/>
				</element>
			</childelements>
		</element>
		<element elementtype="box" elementid="Comment" minquantity="0" maxquantity="0" quantity="0">
			<elementoptions heading="Comment"/>
			<uisettings height="200" width="200" background-color="orange" border="double"/>
			<childelements>
				<element elementtype="awareness" elementid="author" minquantity="1" maxquantity="1" quantity="1">
					<elementoptions/>
					<uisettings maxheight="16" minheight="16"/>
					<childelements/>
				</element>
				<element elementtype="dropdown" elementid="Type_Comment" minquantity="1" maxquantity="1" quantity="1">
					<elementoptions selectedoption="" label="Type" options="Claim,Suggestion,Question,Answer,Example,Explanation,Other"/>
					<uisettings maxheight="22" minheight="22"/>
					<childelements/>
				</element>
				<element elementtype="text" elementid="comment-text" minquantity="1" maxquantity="1" quantity="1">
					<elementoptions texttype="textarea"/>
					<uisettings maxheight="160" minheight="80"/>
					<childelements/>
				</element>
				<element elementtype="frame" elementid="View for Comment" minquantity="0" maxquantity="1" quantity="0">
					<elementoptions/>
					<uisettings windowheight="400" windowwidth="400" defaulturl="" editable="true" minheight="100"/>
					<childelements/>
				</element>
			</childelements>
		</element>
		<element elementtype="relation" elementid="Support" minquantity="0" maxquantity="0" quantity="0">
			<elementoptions endings="true" heading="Support"/>
			<uisettings linewidth="2px" height="200" linecolor="#339966" details="false" width="120" background-color="#339966"/>
			<childelements/>
		</element>
		<element elementtype="relation" elementid="link" minquantity="0" maxquantity="0" quantity="0">
			<elementoptions endings="true" heading="link"/>
			<uisettings linewidth="2px" linecolor="#000000" height="200" details="false" width="120" background-color="#000000"/>
			<childelements/>
		</element>
		<element elementtype="relation" elementid="Oppose" minquantity="0" maxquantity="0" quantity="0">
			<elementoptions endings="true" heading="Oppose"/>
			<uisettings linewidth="2px" linecolor="red" height="200" details="false" width="120" background-color="red"/>
			<childelements/>
		</element>
	</elements>
</ontology>
