
<ontology type="Lleida-2">
	<elements>
		<element elementtype="box" elementid="Afirmación" minquantity="0" maxquantity="0" quantity="0">
			<elementoptions heading="Afirmación"/>
			<uisettings border="standard" height="200" background-color="#339966" width="200"/>
			<childelements>
				<element elementtype="awareness" elementid="author" minquantity="1" maxquantity="1" quantity="1">
					<elementoptions/>
					<uisettings maxheight="16" minheight="16"/>
					<childelements/>
				</element>
				<element elementtype="dropdown" elementid="Afirmación-dropdown" minquantity="1" maxquantity="1" quantity="1">
					<elementoptions options="Racional,Intuitivo,Creativo,Positivo,Ético,Abierto,Crítico" label="Actitud" selectedoption=""/>
					<uisettings maxheight="22" minheight="22"/>
					<childelements/>
				</element>
				<element elementtype="text" elementid="Afirmación-text" minquantity="1" maxquantity="1" quantity="1">
					<elementoptions/>
					<uisettings minheight="42"/>
					<childelements/>
				</element>
			</childelements>
		</element>
		<element elementtype="box" elementid="Argumento" minquantity="0" maxquantity="0" quantity="0">
			<elementoptions heading="Argumento"/>
			<uisettings border="standard" height="200" background-color="#FF0000" width="200"/>
			<childelements>
				<element elementtype="awareness" elementid="author" minquantity="1" maxquantity="1" quantity="1">
					<elementoptions/>
					<uisettings maxheight="16" minheight="16"/>
					<childelements/>
				</element>
				<element elementtype="dropdown" elementid="Argumento-dropdown" minquantity="1" maxquantity="1" quantity="1">
					<elementoptions options="Racional,Intuitivo,Creativo,Positivo,Ético,Abierto,Crítico" label="Actitud" selectedoption=""/>
					<uisettings maxheight="22" minheight="22"/>
					<childelements/>
				</element>
				<element elementtype="text" elementid="Argumento-text" minquantity="1" maxquantity="1" quantity="1">
					<elementoptions/>
					<uisettings minheight="42"/>
					<childelements/>
				</element>
			</childelements>
		</element>
		<element elementtype="box" elementid="Comentario" minquantity="0" maxquantity="0" quantity="0">
			<elementoptions heading="Comentario"/>
			<uisettings border="standard" height="200" background-color="#FFCC00" width="200"/>
			<childelements>
				<element elementtype="awareness" elementid="author" minquantity="1" maxquantity="1" quantity="1">
					<elementoptions/>
					<uisettings maxheight="16" minheight="16"/>
					<childelements/>
				</element>
				<element elementtype="dropdown" elementid="Comentario-dropdown" minquantity="1" maxquantity="1" quantity="1">
					<elementoptions options="Racional,Intuitivo,Creativo,Positivo,Ético,Abierto,Crítico" label="Actitud" selectedoption=""/>
					<uisettings maxheight="22" minheight="22"/>
					<childelements/>
				</element>
				<element elementtype="text" elementid="Comentario-text" minquantity="1" maxquantity="1" quantity="1">
					<elementoptions/>
					<uisettings minheight="42"/>
					<childelements/>
				</element>
			</childelements>
		</element>
		<element elementtype="box" elementid="En blanco" minquantity="0" maxquantity="0" quantity="0">
			<elementoptions heading="En blanco"/>
			<uisettings border="standard" height="200" background-color="#C0C0C0" width="200"/>
			<childelements>
				<element elementtype="awareness" elementid="author" minquantity="1" maxquantity="1" quantity="1">
					<elementoptions/>
					<uisettings maxheight="16" minheight="16"/>
					<childelements/>
				</element>
				<element elementtype="dropdown" elementid="Enblanco-dropdown" minquantity="1" maxquantity="1" quantity="1">
					<elementoptions options="Racional,Intuitivo,Creativo,Positivo,Ético,Abierto,Crítico" label="Actitud" selectedoption=""/>
					<uisettings maxheight="22" minheight="22"/>
					<childelements/>
				</element>
				<element elementtype="text" elementid="Enblaco-text" minquantity="1" maxquantity="1" quantity="1">
					<elementoptions/>
					<uisettings minheight="42"/>
					<childelements/>
				</element>
			</childelements>
		</element>
		<element elementtype="box" elementid="Infirmación" minquantity="0" maxquantity="0" quantity="0">
			<elementoptions heading="Infirmación"/>
			<uisettings border="standard" height="200" background-color="#666699" width="200"/>
			<childelements>
				<element elementtype="awareness" elementid="author" minquantity="1" maxquantity="1" quantity="1">
					<elementoptions/>
					<uisettings maxheight="16" minheight="16"/>
					<childelements/>
				</element>
				<element elementtype="dropdown" elementid="Infirmación-dropdown" minquantity="1" maxquantity="1" quantity="1">
					<elementoptions options="Racional,Intuitivo,Creativo,Positivo,Ético,Abierto,Crítico" label="Actitud" selectedoption=""/>
					<uisettings maxheight="22" minheight="22"/>
					<childelements/>
				</element>
				<element elementtype="text" elementid="Información-text" minquantity="1" maxquantity="1" quantity="1">
					<elementoptions/>
					<uisettings minheight="42"/>
					<childelements/>
				</element>
			</childelements>
		</element>
		<element elementtype="relation" elementid="conectar" minquantity="0" maxquantity="0" quantity="0">
			<elementoptions endings="true" heading="conectar"/>
			<uisettings linewidth="2px" background-color="#333333" height="200" width="120" details="false" linecolor="#333333"/>
			<childelements/>
		</element>
		<element elementtype="box" elementid="foto-1" minquantity="0" maxquantity="0" quantity="0">
			<elementoptions heading="foto-1"/>
			<uisettings border="standard" height="200" background-color="#CCFFCC" width="200"/>
			<childelements>
				<element elementtype="frame" elementid="foto-1-view" minquantity="1" maxquantity="1" quantity="1">
					<elementoptions/>
					<uisettings minwidth="100" windowwidth="400" windowheight="400" minheight="100"/>
					<childelements/>
				</element>
			</childelements>
		</element>
		<element elementtype="box" elementid="Idea" minquantity="0" maxquantity="0" quantity="0">
			<elementoptions heading="Idea"/>
			<uisettings border="standard" height="200" background-color="#99CCFF" width="200"/>
			<childelements>
				<element elementtype="awareness" elementid="author" minquantity="1" maxquantity="1" quantity="1">
					<elementoptions/>
					<uisettings maxheight="16" minheight="16"/>
					<childelements/>
				</element>
				<element elementtype="dropdown" elementid="Idea-dropdown" minquantity="1" maxquantity="1" quantity="1">
					<elementoptions options="Racional,Intuitivo,Creativo,Positivo,Ético,Abierto,Crítico" label="Actitud" selectedoption=""/>
					<uisettings maxheight="22" minheight="22"/>
					<childelements/>
				</element>
				<element elementtype="text" elementid="Idea-text" minquantity="1" maxquantity="1" quantity="1">
					<elementoptions/>
					<uisettings minheight="42"/>
					<childelements/>
				</element>
			</childelements>
		</element>
		<element elementtype="box" elementid="Pregunta" minquantity="0" maxquantity="0" quantity="0">
			<elementoptions heading="Pregunta"/>
			<uisettings border="standard" height="200" background-color="#FFFF99" width="200"/>
			<childelements>
				<element elementtype="awareness" elementid="author" minquantity="1" maxquantity="1" quantity="1">
					<elementoptions/>
					<uisettings maxheight="16" minheight="16"/>
					<childelements/>
				</element>
				<element elementtype="dropdown" elementid="Pregunta-dropdown" minquantity="1" maxquantity="1" quantity="1">
					<elementoptions options="Racional,Intuitivo,Creativo,Positivo,Ético,Abierto,Crítico" label="Actitud" selectedoption=""/>
					<uisettings maxheight="22" minheight="22"/>
					<childelements/>
				</element>
				<element elementtype="text" elementid="Pregunta-text" minquantity="1" maxquantity="1" quantity="1">
					<elementoptions/>
					<uisettings minheight="42"/>
					<childelements/>
				</element>
			</childelements>
		</element>
		<element elementtype="box" elementid="My Microworld" minquantity="0" maxquantity="0" quantity="0">
			<elementoptions heading="Tool" onlyauthorcanmodify="false"/>
			<uisettings height="200" width="275" background-color="#33CCCC" border="round"/>
			<childelements>
				<element elementtype="awareness" elementid="author" minquantity="1" maxquantity="1" quantity="1">
					<elementoptions/>
					<uisettings maxheight="16" minheight="16"/>
					<childelements/>
				</element>
				<element elementtype="dropdown" elementid="my-microworld-type" minquantity="1" maxquantity="1" quantity="1">
					<elementoptions selectedoption="" label="Type" options="Example,Suggestion,Question,Answer,Explanation,Claim,Other"/>
					<uisettings maxheight="22" minheight="22"/>
					<childelements/>
				</element>
				<element elementtype="frame" elementid="my-microworld-display" minquantity="1" maxquantity="1" quantity="1">
					<elementoptions/>
					<uisettings windowheight="400" windowwidth="400" defaulturl="" editable="false" minheight="100"/>
					<childelements/>
				</element>
				<element elementtype="text" elementid="my-microworld-text" minquantity="1" maxquantity="1" quantity="1">
					<elementoptions texttype="textarea"/>
					<uisettings maxheight="80" minheight="48"/>
					<childelements/>
				</element>
				<element elementtype="xmppMessageButton" elementid="my-microworld-xmpp-button" minquantity="1" maxquantity="1" quantity="1">
					<elementoptions label="Go to Tool"/>
					<uisettings maxheight="40" minheight="32"/>
					<childelements/>
				</element>
			</childelements>
		</element>
		
		<element elementtype="box" elementid="Help Request" minquantity="0" maxquantity="0" quantity="0">
			<elementoptions heading="Help Request" onlyauthorcanmodify="false"/>
			<uisettings height="200" width="275" background-color="#F5554D" border="round"/>
			<childelements>
				<element elementtype="awareness" elementid="author" minquantity="1" maxquantity="1" quantity="1">
					<elementoptions/>
					<uisettings maxheight="16" minheight="16"/>
					<childelements/>
				</element>
				<element elementtype="frame" elementid="help-request-view" minquantity="1" maxquantity="1" quantity="1">
					<elementoptions/>
					<uisettings windowheight="400" windowwidth="400" defaulturl="" editable="false" minheight="100"/>
					<childelements/>
				</element>
				<element elementtype="text" elementid="help-request-text" minquantity="1" maxquantity="1" quantity="1">
					<elementoptions texttype="textarea"/>
					<uisettings maxheight="80" minheight="48"/>
					<childelements/>
				</element>
				<element elementtype="xmppMessageButton" elementid="help-request-xmpp-button" minquantity="1" maxquantity="1" quantity="1">
					<elementoptions/>
					<elementoptions label="Go to Tool"/>
					<uisettings maxheight="40" minheight="32"/>
					<childelements/>
				</element>
			</childelements>
		</element>
	</elements>
</ontology>
