<?xml version="1.0" encoding="UTF-8"?>
<lasad-users>

	<!-- a-users (Friday, so) -->
	<user>
		<nickname>a-1L</nickname>
		<password>p</password>
		<role>Guest</role>
	</user>
	<user>
		<nickname>a-1R</nickname>
		<password>p</password>
		<role>Guest</role>
	</user>
	
	<user>
		<nickname>a-2L</nickname>
		<password>p</password>
		<role>Guest</role>
	</user>
	<user>
		<nickname>a-2R</nickname>
		<password>p</password>
		<role>Guest</role>
	</user>
	
	<user>
		<nickname>a-3L</nickname>
		<password>p</password>
		<role>Guest</role>
	</user>
	<user>
		<nickname>a-3R</nickname>
		<password>p</password>
		<role>Guest</role>
	</user>
	
	<user>
		<nickname>a-4L</nickname>
		<password>p</password>
		<role>Guest</role>
	</user>
	<user>
		<nickname>a-4R</nickname>
		<password>p</password>
		<role>Guest</role>
	</user>
	
	<!-- b-users (Friday, nso) -->
	<user>
		<nickname>b-1L</nickname>
		<password>p</password>
		<role>Guest</role>
	</user>
	<user>
		<nickname>b-1R</nickname>
		<password>p</password>
		<role>Guest</role>
	</user>
	
	<user>
		<nickname>b-2L</nickname>
		<password>p</password>
		<role>Guest</role>
	</user>
	<user>
		<nickname>b-2R</nickname>
		<password>p</password>
		<role>Guest</role>
	</user>
	
	<user>
		<nickname>b-3L</nickname>
		<password>p</password>
		<role>Guest</role>
	</user>
	<user>
		<nickname>b-3R</nickname>
		<password>p</password>
		<role>Guest</role>
	</user>
	
	<user>
		<nickname>b-4L</nickname>
		<password>p</password>
		<role>Guest</role>
	</user>
	<user>
		<nickname>b-4R</nickname>
		<password>p</password>
		<role>Guest</role>
	</user>
	
	<!-- c-users (Saturday, so) -->
	<user>
		<nickname>c-1L</nickname>
		<password>p</password>
		<role>Guest</role>
	</user>
	<user>
		<nickname>c-1R</nickname>
		<password>p</password>
		<role>Guest</role>
	</user>
	
	<user>
		<nickname>c-2L</nickname>
		<password>p</password>
		<role>Guest</role>
	</user>
	<user>
		<nickname>c-2R</nickname>
		<password>p</password>
		<role>Guest</role>
	</user>
	
	<user>
		<nickname>c-3L</nickname>
		<password>p</password>
		<role>Guest</role>
	</user>
	<user>
		<nickname>c-3R</nickname>
		<password>p</password>
		<role>Guest</role>
	</user>
	
	<user>
		<nickname>c-4L</nickname>
		<password>p</password>
		<role>Guest</role>
	</user>
	<user>
		<nickname>c-4R</nickname>
		<password>p</password>
		<role>Guest</role>
	</user>
	
	<!-- d-users (Saturday, nso) -->
	<user>
		<nickname>d-1L</nickname>
		<password>p</password>
		<role>Guest</role>
	</user>
	<user>
		<nickname>d-1R</nickname>
		<password>p</password>
		<role>Guest</role>
	</user>
	
	<user>
		<nickname>d-2L</nickname>
		<password>p</password>
		<role>Guest</role>
	</user>
	<user>
		<nickname>d-2R</nickname>
		<password>p</password>
		<role>Guest</role>
	</user>
	
	<user>
		<nickname>d-3L</nickname>
		<password>p</password>
		<role>Guest</role>
	</user>
	<user>
		<nickname>d-3R</nickname>
		<password>p</password>
		<role>Guest</role>
	</user>
	
	<user>
		<nickname>d-4L</nickname>
		<password>p</password>
		<role>Guest</role>
	</user>
	<user>
		<nickname>d-4R</nickname>
		<password>p</password>
		<role>Guest</role>
	</user>
</lasad-users>