<?xml version="1.0" encoding="UTF-8"?>
<!DOCTYPE module PUBLIC "-//Google Inc.//DTD Google Web Toolkit 1.7.0//EN" "http://google-web-toolkit.googlecode.com/svn/tags/1.7.0/distro-source/core/src/gwt-module.dtd">
<module rename-to='lasad_client'>

  <!-- Inherit the core Web Toolkit stuff. -->
  <inherits name='com.google.gwt.user.User'/>
  <inherits name='com.google.gwt.user.theme.dark.Dark'/>

  <!-- Other module inherits -->
	  <inherits name='com.extjs.gxt.ui.GXT'/>
	  <inherits name='com.google.gwt.i18n.I18N'/>
	  
	    <!-- Support for German --> 
	  <extend-property name="locale" values="de"/>
	  
	  <inherits name='de.novanic.eventservice.GWTEventService'/>
	  <inherits name='com.extjs.gxt.themes.Themes' />
	   
	
	  
	  <!-- Remove the following line for browser support beyond IE and Firefox -->
	  <!-- <set-property name="user.agent" value="ie6,gecko,gecko1_8"/> -->
	  
      <!-- Inherit gwt-rocket support for disable text-selection-support -->
 	  <inherits name="rocket.selection.Selection" />
      <inherits name="rocket.style.Style" />
      <inherits name="rocket.util.Util" />
      <inherits name="rocket.browser.Browser" />
    
    
    <!-- Use to include Server project -->
    <!--  -->
    <inherits name='lasad.shared.LASAD_Server'/>
    

	<!-- Browser specific diagram differentiations: -->
	<!-- Canvas browsers -->
	
	<!-- Mozilla -->
   	<replace-with class="lasad.gwt.client.helper.common.bezier.BezierCurveCanvas">
    	<when-type-is class="lasad.gwt.client.helper.common.bezier.BezierCurve"/>
    	<when-property-is name="user.agent" value="gecko"/>
  	</replace-with> 

	<!-- Firefox -->
   	<replace-with class="lasad.gwt.client.helper.common.bezier.BezierCurveCanvas">
    	<when-type-is class="lasad.gwt.client.helper.common.bezier.BezierCurve"/>
    	<when-property-is name="user.agent" value="gecko1_8"/>
  	</replace-with> 

   	<replace-with class="lasad.gwt.client.helper.common.bezier.BezierCurveCanvas">
    	<when-type-is class="lasad.gwt.client.helper.common.bezier.BezierCurve"/>
    	<when-property-is name="user.agent" value="safari"/>
  	</replace-with> 

   	<replace-with class="lasad.gwt.client.helper.common.bezier.BezierCurveCanvasOpera">
    	<when-type-is class="lasad.gwt.client.helper.common.bezier.BezierCurve"/>
    	<when-property-is name="user.agent" value="opera"/>
  	</replace-with> 
  
   	<replace-with class="lasad.gwt.client.helper.connection.ending.DrawEndingCanvas">
    	<when-type-is class="lasad.gwt.client.helper.connection.ending.DrawEnding"/>
    	<when-property-is name="user.agent" value="gecko"/>
  	</replace-with> 

   	<replace-with class="lasad.gwt.client.helper.connection.ending.DrawEndingCanvas">
   		<when-type-is class="lasad.gwt.client.helper.connection.ending.DrawEnding"/>
    	<when-property-is name="user.agent" value="gecko1_8"/>
  	</replace-with> 

   	<replace-with class="lasad.gwt.client.helper.connection.ending.DrawEndingCanvas">
    	<when-type-is class="lasad.gwt.client.helper.connection.ending.DrawEnding"/>
    	<when-property-is name="user.agent" value="safari"/>
  	</replace-with> 


	<!-- VML browsers -->
	<!-- Internet Explorer 6 & 7 -->
   	<replace-with class="lasad.gwt.client.helper.common.bezier.BezierCurveVml">
    	<when-type-is class="lasad.gwt.client.helper.common.bezier.BezierCurve"/>
    	<when-property-is name="user.agent" value="ie6"/>
  	</replace-with> 

  	<replace-with class="lasad.gwt.client.helper.connection.ending.DrawEndingVml">
    	<when-type-is class="lasad.gwt.client.helper.connection.ending.DrawEnding"/>
    	<when-property-is name="user.agent" value="ie6"/>
  	</replace-with> 
  	
  	<!-- Internet Explorer 8 -->
  	<replace-with class="lasad.gwt.client.helper.common.bezier.BezierCurveVml">
    	<when-type-is class="lasad.gwt.client.helper.common.bezier.BezierCurve"/>
    	<when-property-is name="user.agent" value="ie8"/>
  	</replace-with> 

  	<replace-with class="lasad.gwt.client.helper.connection.ending.DrawEndingVml">
    	<when-type-is class="lasad.gwt.client.helper.connection.ending.DrawEnding"/>
    	<when-property-is name="user.agent" value="ie8"/>
  	</replace-with> 
  	
  	<!-- Internet Explorer 9 -->
  	<replace-with class="lasad.gwt.client.helper.common.bezier.BezierCurveVml">
    	<when-type-is class="lasad.gwt.client.helper.common.bezier.BezierCurve"/>
    	<when-property-is name="user.agent" value="ie9"/>
  	</replace-with> 

  	<replace-with class="lasad.gwt.client.helper.connection.ending.DrawEndingVml">
    	<when-type-is class="lasad.gwt.client.helper.connection.ending.DrawEnding"/>
    	<when-property-is name="user.agent" value="ie9"/>
  	</replace-with> 
	
  	<!-- Specify the app entry point class. -->
  	<entry-point class='lasad.gwt.client.LASAD_Client'/> 
		<stylesheet src='/resources/gxt/css/gxt-all.css' />
		<stylesheet src='/resources/gxt/themes/slate/css/xtheme-slate.css' />
    	<stylesheet src='/resources/lasad.css' />
    	<stylesheet src='/resources/diagrams.css' />
    	<stylesheet src='/resources/box.css' />
    	<stylesheet src='/resources/boxHighlight.css' /> 
    	<stylesheet src='/resources/link.css' />
    	<stylesheet src='/resources/dialog.css' />
    	<stylesheet src='/resources/transcript.css' />
    	<stylesheet src='/resources/ExtendedChat.css' />
</module>