<?xml version="1.0" encoding="UTF-8"?>
<largograph>
<graph id ="55621">
<charaterstic id ="discuss_hypo_multiple_tests"
              count ="1"/>

<charaterstic id ="discuss_hypo_multiple_tests"
              count ="2"/>

<charaterstic id ="hypo_hypo_relation_no_response "
              count ="2"/>
<charaterstic id ="hypo_as_test "
              count ="1"/>

<charaterstic id ="hypo_facts_relation_causes"
              count ="2"/>

<charaterstic id ="unlinked_hypo"
              count ="1"/>

<characterstic id ="unlinked_test"
              count ="2"/>

</graph>
<graph id ="59391">
<characterstic id ="no_facts"
              count ="1"/>

</graph>

<graph id ="60231">
<characterstic id ="isolated_hypo_discuss"
              count ="1"/>
<characterstic id ="unrelated_tests"
              count ="3"/>

<characterstic id ="no_response_to_hypo"
              count ="2"/>
<characterstic id ="isolated_hypo"
              count ="1"/>

<characterstic id ="test_isolated_from_hypos"
              count ="1"/>
<characterstic id ="no_facts"
              count ="1"/>

</graph>
<graph  id="68401">
<characterstic id ="discuss_hypo_multiple_tests"
              count ="1"/>

<characterstic id ="unrelated_tests"
              count ="6"/>

<characterstic id ="facts_relations"
              count ="6"/>

<characterstic id ="discuss_hypo_multiple_tests"
              count ="1"/>

<characterstic id ="facts_tests_relation_specific"
              count ="4"/>

<characterstic id ="test_relation_not_modify"
              count ="6"/>
<characterstic id ="facts_isolated_from_hypos"
              count ="3"/>


<characterstic id ="test_isolated_from_hypos"
              count ="3"/>


</graph>
<graph  id="69011">
<characterstic id ="discuss_hypo_one_test"
              count ="1"/>

<characterstic id ="facts_tests_relation_specific"
              count ="1"/>

</graph>
<graph  id="69061">
<characterstic id ="discuss_hypo_multiple_tests"
              count ="2"/>

<characterstic id ="unrelated_tests"
              count ="12"/>
<characterstic id ="hypo_test_relation_modified"
              count ="1"/>

<characterstic id ="tests_modified_without_reason"
              count ="1"/>
<characterstic id ="test_relation_not_modify"
              count ="2"/>

<characterstic id ="test_isolated_from_hypos"
              count ="2"/>
<characterstic id ="distinguish_without_text"
              count ="1"/>

</graph>

<graph  id="70691">
<characterstic id ="unrelated_tests"
              count ="1"/>

<characterstic id ="hypo_hypo_relation_no_response"
              count ="2"/>
<characterstic id ="hypo_facts_relation_causes"
              count ="1"/>

<characterstic id ="facts_isolated_from_hypos"
              count ="3"/>
<characterstic id ="test_isolated_from_hypos"
              count ="1"/>

<characterstic id ="distinguish_without_text"
              count ="1"/>
</graph>
<graph  id="78511">
<characterstic id ="discuss_hypo_multiple_tests"
              count ="1"/>

<characterstic id ="unrelated_tests"
              count ="2"/>

<characterstic id ="facts_relations"
              count ="6"/>
<characterstic id ="test_fact_relation_specific"
              count ="1"/>
<characterstic id ="test_relation_not_modify"
              count ="2"/>
<characterstic id ="facts_isolated_from_hypos"
              count ="4"/>

<characterstic id ="test_isolated_from_hypos"
              count ="1"/>

<characterstic id ="analogize_without_text"
              count ="1"/>

<characterstic id ="unlinked_test"
              count ="2"/>
</graph>
<graph  id="80701">
<characterstic id ="unrelated_tests"
              count ="6"/>
<characterstic id ="hypo_as_test"
              count ="2"/>
<characterstic id ="no_response_to_hypo"
              count ="4"/>

<characterstic id ="test_relation_not_modify"
              count ="6"/>
<characterstic id ="test_isolated_from_hypos"
              count ="1"/>
<characterstic id ="no_facts"
              count ="1"/>

</graph>
<graph  id="81091">
<characterstic id ="discuss_hypo_multiple_tests"
              count ="1"/>

<characterstic id ="hypo_facts_relation_causes"
              count ="1"/>

<characterstic id ="facts_tests_relation_specific"
              count ="4"/>

<characterstic id ="facts_isolated_from_hypos"
              count ="4"/>

</graph>
<graph  id="81731">
<characterstic id ="isolated_hypo_discuss"
              count ="3"/>
<characterstic id ="unrelated_tests"
              count ="1"/>

<characterstic id ="isolated_hypo"
              count ="3"/>

<characterstic id ="test_isolated_from_hypos "
              count ="2"/>
<characterstic id ="unlinked_hypo"
              count ="2"/>
<characterstic id ="unlinked_test"
              count ="1"/>
<characterstic id ="test_without_conclusion"
              count ="1"/>
<characterstic id ="no_facts"
              count ="1"/>
</graph>
<graph  id="83571">
<characterstic id ="isolated_hypo_discuss"
              count ="1"/>
<characterstic id ="unrelated_tests"
              count ="1"/>
<characterstic id ="hypo_as_test"
              count ="1"/>

<characterstic id ="test_relation_not_modify"
              count ="2"/>

<characterstic id ="facts_isolated_from_hypos"
              count ="5"/>

<characterstic id ="isolated_hypo"
              count ="1"/>
</graph>
<graph  id="91281">
<characterstic id ="isolated_hypo_discuss"
              count ="1"/>
<characterstic id ="discuss_hypo_one_test"
              count ="2"/>

<characterstic id ="hypo_hypo_relation_no_response"
              count ="1"/>

<characterstic id ="test_facts_relation_specific"
              count ="1"/>

<characterstic id ="facts_isolated_from_hypos"
              count ="1"/>

<characterstic id ="isolated_hypo"
              count ="1"/>

<characterstic id ="tests_isolated_from_hypos"
              count ="1"/>
<characterstic id ="analogiize_without_text"
              count ="1"/>
<characterstic id ="unlinked_hypo"
              count ="3"/>
<characterstic id ="unlinked_test"
              count ="1"/>
</graph>
<graph  id="83571">
<characterstic id ="isolated_hypo_discuss"
              count ="1"/>

<characterstic id ="unrelated_tests"
              count ="1"/>

<characterstic id ="hypo_as_test"
              count ="1"/>

<characterstic id ="test_relation_not_modify"
              count ="2"/>

<characterstic id ="facts_isolated_from_hypos"
              count ="5"/>

<characterstic id ="isolated_hypo"
              count ="1"/>
</graph>
<graph  id="94841">
<characterstic id ="unrelated_tests"
              count ="8"/>
<characterstic id ="no_response_to_hypo"
              count ="2"/>
<characterstic id ="test_relation_not_modify"
              count ="4"/>
<characterstic id ="test_isolated_from_hypos"
              count ="1"/>
<characterstic id ="unlinked_hypo"
              count ="4"/>
<characterstic id ="unlinked_test"
              count ="5"/>
<characterstic id ="no_facts"
              count ="1"/>
</graph>
<graph  id="96121">
<characterstic id ="discuss_hypo_one_test"
              count ="1"/>
<characterstic id ="test_as_hypo"
              count ="1"/>

<characterstic id ="test_hypo_relation_modified"
              count ="1"/>

<characterstic id ="no_response_to_hypo"
              count ="1"/>

</graph>

<graph  id="96331">
<characterstic id ="discuss_hypo_one_test"
              count ="1"/>
<characterstic id ="no_response_to_hypo"
              count ="2"/>
<characterstic id ="unlinked_hypo"
              count ="2"/>
<characterstic id ="unlinked_test "
              count ="1"/>
</graph>
<graph  id="96651">
<characterstic id ="discuss_hypo_multiple_tests"
              count ="2"/>
<characterstic id ="test_hypo_relation_modified"
              count ="1"/>

<characterstic id ="facts_tests_relation_specific"
              count ="1"/>
<characterstic id ="tests_modified_without_reason"
              count ="2"/>

<characterstic id ="test_relation_not_modify"
              count ="2"/>
<characterstic id ="test_isolated_from_hypos"
              count ="2"/>
</graph>
<graph  id="96701">
<characterstic id ="facts_isolated_from_hypos"
              count ="15"/>

<characterstic id ="no_relations"
              count ="1"/>

<characterstic id ="no_hypos"
              count ="1"/>

<characterstic id ="no_tests"
              count ="1"/>

</graph>
<graph  id="99501">
<characterstic id ="discuss_hypo_one_test"
              count ="2"/>

<characterstic id ="hypo_facts_relation_causes"
              count ="1"/>

<characterstic id ="analogize_without_text"
              count ="1"/>

</graph>
</largograph>