<?xml version='1.0' encoding='utf-8'?>
<ontology type="LARGO">
    <elements>
        <element elementid="test" elementtype="box" quantity="" minquantity="" maxquantity="">
            <elementoptions heading="Test" />
            <uisettings width="190" height="160" resizable="true" border="standard" background-color="#55C3FF" font-color="#000000" />
            <childelements>
                <element elementid="if" elementtype="text" quantity="1" minquantity="1" maxquantity="1">
                    <elementoptions label="IF" texttype="textfield" />
                    <uisettings background-color="#ffffff" font-color="#e62bdb" minheight="16" maxheight="16" />
                </element>
                <element elementid="and" elementtype="text" quantity="0" minquantity="0" maxquantity="5">
                    <elementoptions label="AND" texttype="textfield" longlabel="Condition" />
                    <uisettings background-color="#FFFFFF" font-color="#000000" minheight="16" maxheight="16" />
                </element>
                <element elementid="even" elementtype="text" quantity="0" minquantity="0" maxquantity="1">
                    <elementoptions label="EVEN THOUGH" texttype="textfield" />
                    <uisettings background-color="#FFFFFF" font-color="#000000" minheight="16" maxheight="16" />
                </element>
                <element elementid="then" elementtype="text" quantity="1" minquantity="1" maxquantity="1">
                    <elementoptions label="THEN" texttype="textfield" />
                    <uisettings background-color="#FFFFFF" font-color="#000000" minheight="16" maxheight="16" />
                </element>
                <element elementid="except" elementtype="text" quantity="0" minquantity="0" maxquantity="1">
                    <elementoptions label="EXCEPT" texttype="textfield" />
                    <uisettings background-color="#FFFFFF" font-color="#000000" minheight="16" maxheight="16" />
                </element>
                <element elementid="transcriptlink" elementtype="transcript-link" quantity="0" minquantity="0" maxquantity="1">
                    <elementoptions manualadd="false" longlabel="Transcript-Link" />
                    <uisettings minheight="16" maxheight="16" />
                </element>
                <element elementid="awareness" elementtype="awareness" quantity="1" minquantity="1" maxquantity="1">
                    <elementoptions label="AWARENESS" manualadd="false" />
                    <uisettings background-color="#FFFFFF" font-color="#000000" minheight="16" maxheight="16" />
                </element>
            </childelements>
        </element>
        <element elementid="fact" elementtype="box" quantity="" minquantity="" maxquantity="">
            <elementoptions heading="Fact" />
            <uisettings width="190" height="120" resizable="true" border="double" background-color="#C0B7B4" font-color="#000000" />
            <childelements>
                <element elementid="text" elementtype="text" quantity="1" minquantity="1" maxquantity="1">
                    <elementoptions />
                    <uisettings background-color="#FFFFFF" font-color="#000000" minheight="40" />
                </element>
                <element elementid="transcriptlink" elementtype="transcript-link" quantity="0" minquantity="0" maxquantity="1">
                    <elementoptions manualadd="false" longlabel="Transcript-Link" />
                    <uisettings minheight="16" maxheight="16" />
                </element>
                <element elementid="awareness" elementtype="awareness" quantity="1" minquantity="1" maxquantity="1">
                    <elementoptions label="AWARENESS" manualadd="false" />
                    <uisettings background-color="#FFFFFF" font-color="#000000" minheight="16" maxheight="16" />
                </element>
            </childelements>
        </element>
        <element elementid="hypothetical" elementtype="box" quantity="" minquantity="" maxquantity="">
            <elementoptions heading="Hypothetical" />
            <uisettings width="190" height="120" resizable="true" border="dashed" background-color="#FF8080" font-color="#000000" />
            <childelements>
                <element elementid="text" elementtype="text" quantity="1" minquantity="1" maxquantity="1">
                    <elementoptions />
                    <uisettings background-color="#FFFFFF" font-color="#000000" minheight="40" />
                </element>
                <element elementid="outcome" elementtype="text" quantity="0" minquantity="0" maxquantity="1">
                    <elementoptions label="OUTCOME" texttype="textfield" />
                    <uisettings background-color="#FFFFFF" font-color="#000000" minheight="16" maxheight="16" />
                </element>
                <element elementid="transcriptlink" elementtype="transcript-link" quantity="0" minquantity="0" maxquantity="1">
                    <elementoptions manualadd="false" longlabel="Transcript-Link" />
                    <uisettings minheight="16" maxheight="16" />
                </element>
                <element elementid="awareness" elementtype="awareness" quantity="1" minquantity="1" maxquantity="1">
                    <elementoptions label="AWARENESS" manualadd="false" />
                    <uisettings background-color="#FFFFFF" font-color="#000000" minheight="16" maxheight="16" />
                </element>
            </childelements>
        </element>
        <element elementid="modified" elementtype="relation" quantity="" minquantity="" maxquantity="">
            <elementoptions heading="modified to" endings="true" />
            <uisettings width="140" height="120" resizable="false" border="" background-color="#8080FF" font-color="#000000" linewidth="3px" linecolor="#8080FF" />
            <childelements>
                <element elementid="awareness" elementtype="awareness" quantity="1" minquantity="1" maxquantity="1">
                    <elementoptions label="AWARENESS" manualadd="false" />
                    <uisettings background-color="#FFFFFF" font-color="#000000" minheight="16" maxheight="16" />
                </element>
            </childelements>
        </element>
        <element elementid="distinguished" elementtype="relation" quantity="" minquantity="" maxquantity="">
            <elementoptions heading="distinguished by virtue of" endings="true" />
            <uisettings width="215" height="60" resizable="false" border="" background-color="#edb3b3" font-color="#000000" linewidth="4px" linecolor="#edb3b3" />
            <childelements>
                <element elementid="text" elementtype="text" quantity="1" minquantity="1" maxquantity="1">
                    <elementoptions />
                    <uisettings background-color="#FFFFFF" font-color="#000000" minheight="40" />
                </element>
                <element elementid="awareness" elementtype="awareness" quantity="1" minquantity="1" maxquantity="1">
                    <elementoptions label="AWARENESS" manualadd="false" />
                    <uisettings background-color="#FFFFFF" font-color="#000000" minheight="16" maxheight="16" />
                </element>
            </childelements>
        </element>
        <element elementid="analogized" elementtype="relation" quantity="" minquantity="" maxquantity="">
            <elementoptions heading="analogized by virtue of" endings="true" />
            <uisettings width="205" height="60" resizable="false" border="" background-color="#c2edb2" font-color="#000000" linewidth="2px" linecolor="#c2edb2" />
            <childelements>
                <element elementid="text" elementtype="text" quantity="1" minquantity="1" maxquantity="1">
                    <elementoptions />
                    <uisettings background-color="#FFFFFF" font-color="#000000" minheight="40" />
                </element>
                <element elementid="awareness" elementtype="awareness" quantity="1" minquantity="1" maxquantity="1">
                    <elementoptions label="AWARENESS" manualadd="false" />
                    <uisettings background-color="#FFFFFF" font-color="#000000" minheight="16" maxheight="16" />
                </element>
            </childelements>
        </element>
        <element elementid="leads" elementtype="relation" quantity="" minquantity="" maxquantity="">
            <elementoptions heading="leads to" endings="true" />
            <uisettings width="115" height="120" resizable="false" border="" background-color="#B4B4B4" font-color="#000000" linewidth="1px" linecolor="#B4B4B4" />
            <childelements>
                <element elementid="awareness" elementtype="awareness" quantity="1" minquantity="1" maxquantity="1">
                    <elementoptions label="AWARENESS" manualadd="false" />
                    <uisettings background-color="#FFFFFF" font-color="#000000" minheight="16" maxheight="16" />
                </element>
            </childelements>
        </element>
        <element elementid="general" elementtype="relation" quantity="" minquantity="" maxquantity="">
            <elementoptions heading="comment:" endings="true" />
            <uisettings width="160" height="60" resizable="false" border="" background-color="#FF8080" font-color="#000000" linewidth="1px" linecolor="#FF8080" />
            <childelements>
                <element elementid="text" elementtype="text" quantity="1" minquantity="1" maxquantity="1">
                    <elementoptions />
                    <uisettings background-color="#FFFFFF" font-color="#000000" minheight="40" />
                </element>
                <element elementid="awareness" elementtype="awareness" quantity="1" minquantity="1" maxquantity="1">
                    <elementoptions label="AWARENESS" manualadd="false" />
                    <uisettings background-color="#FFFFFF" font-color="#000000" minheight="16" maxheight="16" />
                </element>
            </childelements>
        </element>
    </elements>
</ontology>