<?xml version="1.0" encoding="UTF-8"?>
<lasad-maps>
	
	<map>
		<name>Behaviorismus-Johannes Veit</name>
		<template>facebook</template>
		<creator>admin</creator>
		<restricted-to-user>
        	<user>Johannes Veit</user> 
        </restricted-to-user>
	</map>
	
	<map>
		<name>Behaviorismus-Christina Alt</name>
		<template>facebook</template>
		<creator>admin</creator>
		<restricted-to-user>
        	<user>Christina Alt</user> 
        </restricted-to-user>
	</map>
	
	<map>
		<name>Behaviorismus-Maria Schneider</name>
		<template>facebook</template>
		<creator>admin</creator>
		<restricted-to-user>
        	<user>Maria Schneider</user> 
        </restricted-to-user>
	</map>
	
	<map>
		<name>Behaviorismus-Hilde Becker</name>
		<template>facebook</template>
		<creator>admin</creator>
		<restricted-to-user>
        	<user>Hilde Becker</user> 
        </restricted-to-user>
	</map>
	
	<map>
		<name>Behaviorismus-Werner Rein</name>
		<template>facebook</template>
		<creator>admin</creator>
		<restricted-to-user>
        	<user>Werner Rein</user> 
        </restricted-to-user>
	</map>
	
	<map>
		<name>Behaviorismus-Aline Becker</name>
		<template>facebook</template>
		<creator>admin</creator>
		<restricted-to-user>
        	<user>Aline Becker</user> 
        </restricted-to-user>
	</map>
	
	<map>
		<name>Behaviorismus-John Doet</name>
		<template>facebook</template>
		<creator>admin</creator>
		<restricted-to-user>
        	<user>John Doet</user> 
        </restricted-to-user>
	</map>
	
	<map>
		<name>Behaviorismus-Sabrine Dietz</name>
		<template>facebook</template>
		<creator>admin</creator>
		<restricted-to-user>
        	<user>Sabrine Dietz</user> 
        </restricted-to-user>
	</map>
	
	<map>
		<name>Behaviorismus-Sato Huwi</name>
		<template>facebook</template>
		<creator>admin</creator>
		<restricted-to-user>
        	<user>Sato Huwi</user> 
        </restricted-to-user>
	</map>
	
	<map>
		<name>Behaviorismus-Maja Prazz</name>
		<template>facebook</template>
		<creator>admin</creator>
		<restricted-to-user>
        	<user>Maja Prazz</user> 
        </restricted-to-user>
	</map>

	<map>
		<name>Behaviorismus-Stefan Geimer</name>
		<template>facebook</template>
		<creator>admin</creator>
		<restricted-to-user>
        	<user>Stefan Geimer</user> 
        </restricted-to-user>
	</map>
	
	<map>
		<name>Behaviorismus-Katja Gross</name>
		<template>facebook</template>
		<creator>admin</creator>
		<restricted-to-user>
        	<user>Katja Gross</user> 
        </restricted-to-user>
	</map>
	
	<map>
		<name>Behaviorismus-Extra5</name>
		<template>facebook</template>
		<creator>admin</creator>
		<restricted-to-user>
        	<user>Extra5</user> 
        </restricted-to-user>
	</map>
	
	<map>
		<name>Behaviorismus-Extra6</name>
		<template>facebook</template>
		<creator>admin</creator>
		<restricted-to-user>
        	<user>Extra6</user> 
        </restricted-to-user>
	</map>
	
	<map>
		<name>Behaviorismus-Extra7</name>
		<template>facebook</template>
		<creator>admin</creator>
		<restricted-to-user>
        	<user>Extra7</user> 
        </restricted-to-user>
	</map>
	
	<map>
		<name>Behaviorismus-Extra8</name>
		<template>facebook</template>
		<creator>admin</creator>
		<restricted-to-user>
        	<user>Extra8</user> 
        </restricted-to-user>
	</map>
	
	<map>
		<name>Behaviorismus-Extra9</name>
		<template>facebook</template>
		<creator>admin</creator>
		<restricted-to-user>
        	<user>Extra9</user> 
        </restricted-to-user>
	</map>
	
	<map>
		<name>Behaviorismus-All6</name>
		<template>facebook</template>
		<creator>admin</creator>
		<restricted-to-user/>
    </map>
    <map>
		<name>Behaviorismus-All7</name>
		<template>facebook</template>
		<creator>admin</creator>
		<restricted-to-user/>
    </map>
    <map>
		<name>Behaviorismus-All8</name>
		<template>facebook</template>
		<creator>admin</creator>
		<restricted-to-user/>
    </map>
    <map>
		<name>Behaviorismus-All9</name>
		<template>facebook</template>
		<creator>admin</creator>
		<restricted-to-user/>
    </map>
    <map>
		<name>Behaviorismus-All10</name>
		<template>facebook</template>
		<creator>admin</creator>
		<restricted-to-user/>
    </map>
</lasad-maps>

