<?xml version="1.0" encoding="UTF-8"?>
<ontology
	type="Domänen-unabhängige Argumentationsunterstützung (Einzelnutzer)">
	<elements>
		<element elementid="datum" elementtype="box" quantity=""
			minquantity="" maxquantity="">
			<elementoptions heading="Daten" />
			<uisettings width="150" height="150" resizable="true"
				border="round" background-color="#FFD800" font-color="#000000" />
			<childelements>
				<element elementid="text" elementtype="text" quantity="1"
					minquantity="1" maxquantity="1">
					<elementoptions />
					<uisettings background-color="#FFFFFF" font-color="#000000"
						minheight="28" height="100%" />
				</element>
			</childelements>
		</element>

		<element elementid="conclusion" elementtype="box" quantity=""
			minquantity="" maxquantity="">
			<elementoptions heading="Schlussfolgerung" />
			<uisettings width="185" height="150" resizable="true"
				border="round" background-color="#E769CD" font-color="#000000" />
			<childelements>
				<element elementid="text" elementtype="text" quantity="1"
					minquantity="1" maxquantity="1">
					<elementoptions />
					<uisettings background-color="#FFFFFF" font-color="#000000"
						minheight="28" height="100%" />
				</element>
			</childelements>
		</element>

		<element elementid="warrant" elementtype="box" quantity=""
			minquantity="" maxquantity="">
			<elementoptions heading="Schlussregel" />
			<uisettings width="157" height="150" resizable="true"
				border="round" background-color="#8F41EF" font-color="#000000" />
			<childelements>
				<element elementid="text" elementtype="text" quantity="1"
					minquantity="1" maxquantity="1">
					<elementoptions />
					<uisettings background-color="#FFFFFF" font-color="#000000"
						minheight="28" height="100%" />
				</element>
			</childelements>
		</element>

		<element elementid="backing" elementtype="box" quantity=""
			minquantity="" maxquantity="">
			<elementoptions heading="Stützung" />
			<uisettings width="150" height="150" resizable="true"
				border="round" background-color="#EF8C12" font-color="#000000" />
			<childelements>
				<element elementid="text" elementtype="text" quantity="1"
					minquantity="1" maxquantity="1">
					<elementoptions />
					<uisettings background-color="#FFFFFF" font-color="#000000"
						minheight="28" height="100%" />
				</element>
			</childelements>
		</element>

		<element elementid="rebuttal" elementtype="box" quantity=""
			minquantity="" maxquantity="">
			<elementoptions heading="Ausnahmebedingung" />
			<uisettings width="202" height="150" resizable="true"
				border="round" background-color="#7CC7D3" font-color="#000000" />
			<childelements>
				<element elementid="text" elementtype="text" quantity="1"
					minquantity="1" maxquantity="1">
					<elementoptions />
					<uisettings background-color="#FFFFFF" font-color="#000000"
						minheight="28" height="100%" />
				</element>
			</childelements>
		</element>

		<element elementid="qualifier" elementtype="relation"
			quantity="" minquantity="" maxquantity="">
			<elementoptions heading="deshalb" endings="false" />
			<uisettings width="125" height="100" resizable="false"
				border="" background-color="#E6E6E6" font-color="#000000" linewidth="2px"
				linecolor="#E6E6E6" />
			<childelements>
				<element elementid="text" elementtype="text" quantity="0"
					minquantity="0" maxquantity="1">
					<elementoptions />
					<uisettings background-color="#FFFFFF" font-color="#000000"
						minheight="28" />
				</element>
			</childelements>
		</element>

		<element elementid="since" elementtype="relation" quantity=""
			minquantity="" maxquantity="">
			<elementoptions heading="aufgrund von" endings="true" />
			<uisettings width="152" height="100" resizable="false"
				border="" background-color="#5FC977" font-color="#000000" linewidth="2px"
				linecolor="#5FC977" />
			<childelements>
				<element elementid="text" elementtype="text" quantity="0"
					minquantity="0" maxquantity="1">
					<elementoptions />
					<uisettings background-color="#FFFFFF" font-color="#000000"
						minheight="28" />
				</element>
			</childelements>
		</element>

		<element elementid="onaccountof" elementtype="relation"
			quantity="" minquantity="" maxquantity="">
			<elementoptions heading="wegen" endings="true" />
			<uisettings width="115" height="100" resizable="false"
				border="" background-color="#FF7979" font-color="#000000" linewidth="2px"
				linecolor="#FF7979" />
			<childelements>
				<element elementid="text" elementtype="text" quantity="0"
					minquantity="0" maxquantity="1">
					<elementoptions />
					<uisettings background-color="#FFFFFF" font-color="#000000"
						minheight="28" />
				</element>
			</childelements>
		</element>

		<element elementid="unless" elementtype="relation" quantity=""
			minquantity="" maxquantity="">
			<elementoptions heading="wenn nicht" endings="true" />
			<uisettings width="139" height="100" resizable="false"
				border="" background-color="#C0D33D" font-color="#000000" linewidth="2px"
				linecolor="#C0D33D" />
			<childelements>
				<element elementid="text" elementtype="text" quantity="0"
					minquantity="0" maxquantity="1">
					<elementoptions />
					<uisettings background-color="#FFFFFF" font-color="#000000"
						minheight="28" />
				</element>
			</childelements>
		</element>

	</elements>
</ontology>