<?xml version="1.0" encoding="UTF-8"?>

<ontology type="LegalClaim-PlainArcs">
  <elements>
    <element elementid="claim" 
	     elementtype="box" 
	     quantity=""
	     minquantity="" 
	     maxquantity="">
      <elementoptions heading="Claim" />
      <uisettings width="190" 
		  height="120" 
		  resizable="true"
		  border="double" 
		  background-color="#C0B7B4" 
		  font-color="#000000" />
      <childelements>
	<element elementid="type" 
		 elementtype="text" 
		 quantity="0"
		 minquantity="0" 
		 maxquantity="1">
	  <elementoptions label="TYPE" 
			  texttype="textfield"
			  text="" />
	  <uisettings background-color="#FFFFFF" 
		      font-color="#000000"
		      minheight="16" 
		      maxheight="16" />
	</element>
	<element elementid="text" 
		 elementtype="text" 
		 quantity="1"
		 minquantity="1" 
		 maxquantity="1">
	  <elementoptions text="" />
	  <uisettings background-color="#FFFFFF" 
		      font-color="#000000"
		      minheight="40" />
	</element>
	<element elementid="transcriptlink" 
		 elementtype="transcript-link"
		 quantity="0" 
		 minquantity="0" 
		 maxquantity="1">
	  <elementoptions manualadd="false" 
			  longlabel="Transcript-Link"
			  startrow="" 
			  endrow="" 
			  startpoint="" 
			  endpoint="" />
	  <uisettings minheight="16" 
		      maxheight="16" />
	</element>
      </childelements>
    </element>


    <element elementid="supports" elementtype="relation" quantity=""
	     minquantity="" maxquantity="">
      <elementoptions heading="(+) supports" endings="true" />
      <uisettings width="140" height="120" resizable="false"
		  border="dashed" background-color="#5FC977" font-color="#000000" linewidth="2px"
		  linecolor="#5FC977" />
      <childelements>
	<element elementid="text" 
		 elementtype="text" 
		 quantity="0"
		 minquantity="0" 
		 maxquantity="1">
	  <elementoptions text="" />
	  <uisettings background-color="#FFFFFF" font-color="#000000"
		      minheight="40" />
	</element>	
      </childelements>
    </element>

    <element elementid="opposes" 
	     elementtype="relation" 
	     quantity=""
	     minquantity="" 
	     maxquantity="">
      <elementoptions heading="(-) opposes" 
		      endings="true" />
      <uisettings width="140" 
		  height="120" 
		  resizable="false"
		  border="dashed" background-color="#FF7979" font-color="#000000" linewidth="2px"
		  linecolor="#FF7979" />
      <childelements>
	<element elementid="text" 
		 elementtype="text" 
		 quantity="0"
		 minquantity="0" 
		 maxquantity="1">
	  <elementoptions text="" />
	  <uisettings background-color="#FFFFFF" font-color="#000000"
		      minheight="40" />
	</element>
      </childelements>
    </element>

    <element elementid="unspecified" elementtype="relation"
	     quantity="" minquantity="" maxquantity="">
      <elementoptions heading="(?) undefined" endings="true" />
      <uisettings width="140" height="120" resizable="false"
		  border="dashed" background-color="#E6E6E6" font-color="#000000" linewidth="2px"
		  linecolor="#1c1cba" />
      <childelements>
	<element elementid="text" 
		 elementtype="text" 
		 quantity="0"
		 minquantity="0" 
		 maxquantity="1">
	  <elementoptions text="" />
	  <uisettings background-color="#FFFFFF" font-color="#000000"
		      minheight="40" />
	</element>
      </childelements>
    </element>
    
  </elements>
</ontology>