<?xml version="1.0" encoding="UTF-8"?>
<lasad-maps>

	<!-- a-users (Friday, so) -->
	<map>
		<name>a-5L - Training</name>
		<template>Klimaethik - Training</template>
		<creator>Administrator</creator>
		<restricted-to-user>
        	<user>a-5L</user>
    	</restricted-to-user>
	</map>
	<map>
		<name>a-5R - Training</name>
		<template>Klimaethik - Training</template>
		<creator>Administrator</creator>
		<restricted-to-user>
        	<user>a-5R</user> 
    	</restricted-to-user>
	</map>
	<map>
		<name>a-5 - Aufgabe</name>
		<template>Klimaethik - Aufgabe (coll, so)</template>
		<creator>Administrator</creator>
		<restricted-to-user>
        	<user>a-5L</user> 
        	<user>a-5R</user>
    	</restricted-to-user>
	</map>
	
	<map>
		<name>a-6L - Training</name>
		<template>Klimaethik - Training</template>
		<creator>Administrator</creator>
		<restricted-to-user>
        	<user>a-6L</user>
    	</restricted-to-user>
	</map>
	<map>
		<name>a-6R - Training</name>
		<template>Klimaethik - Training</template>
		<creator>Administrator</creator>
		<restricted-to-user>
        	<user>a-6R</user> 
    	</restricted-to-user>
	</map>
	<map>
		<name>a-6 - Aufgabe</name>
		<template>Klimaethik - Aufgabe (coll, so)</template>
		<creator>Administrator</creator>
		<restricted-to-user>
        	<user>a-6L</user> 
        	<user>a-6R</user>
    	</restricted-to-user>
	</map>
	
	<map>
		<name>a-7L - Training</name>
		<template>Klimaethik - Training</template>
		<creator>Administrator</creator>
		<restricted-to-user>
        	<user>a-7L</user>
    	</restricted-to-user>
	</map>
	<map>
		<name>a-7R - Training</name>
		<template>Klimaethik - Training</template>
		<creator>Administrator</creator>
		<restricted-to-user>
        	<user>a-7R</user> 
    	</restricted-to-user>
	</map>
	<map>
		<name>a-7 - Aufgabe</name>
		<template>Klimaethik - Aufgabe (coll, so)</template>
		<creator>Administrator</creator>
		<restricted-to-user>
        	<user>a-7L</user> 
        	<user>a-7R</user>
    	</restricted-to-user>
	</map>
	
	<map>
		<name>a-8L - Training</name>
		<template>Klimaethik - Training</template>
		<creator>Administrator</creator>
		<restricted-to-user>
        	<user>a-8L</user>
    	</restricted-to-user>
	</map>
	<map>
		<name>a-8R - Training</name>
		<template>Klimaethik - Training</template>
		<creator>Administrator</creator>
		<restricted-to-user>
        	<user>a-8R</user> 
    	</restricted-to-user>
	</map>
	<map>
		<name>a-8 - Aufgabe</name>
		<template>Klimaethik - Aufgabe (coll, so)</template>
		<creator>Administrator</creator>
		<restricted-to-user>
        	<user>a-8L</user> 
        	<user>a-8R</user>
    	</restricted-to-user>
	</map>
	
	<!-- b-users (Friday, nso) -->
		<map>
		<name>b-5L - Training</name>
		<template>Klimaethik - Training</template>
		<creator>Administrator</creator>
		<restricted-to-user>
        	<user>b-5L</user>
    	</restricted-to-user>
	</map>
	<map>
		<name>b-5R - Training</name>
		<template>Klimaethik - Training</template>
		<creator>Administrator</creator>
		<restricted-to-user>
        	<user>b-5R</user> 
    	</restricted-to-user>
	</map>
	<map>
		<name>b-5 - Aufgabe</name>
		<template>Klimaethik - Aufgabe (coll, nso)</template>
		<creator>Administrator</creator>
		<restricted-to-user>
        	<user>b-5L</user> 
        	<user>b-5R</user>
    	</restricted-to-user>
	</map>
	
	<map>
		<name>b-6L - Training</name>
		<template>Klimaethik - Training</template>
		<creator>Administrator</creator>
		<restricted-to-user>
        	<user>b-6L</user>
    	</restricted-to-user>
	</map>
	<map>
		<name>b-6R - Training</name>
		<template>Klimaethik - Training</template>
		<creator>Administrator</creator>
		<restricted-to-user>
        	<user>b-6R</user> 
    	</restricted-to-user>
	</map>
	<map>
		<name>b-6 - Aufgabe</name>
		<template>Klimaethik - Aufgabe (coll, nso)</template>
		<creator>Administrator</creator>
		<restricted-to-user>
        	<user>b-6L</user> 
        	<user>b-6R</user>
    	</restricted-to-user>
	</map>
	
	<map>
		<name>b-7L - Training</name>
		<template>Klimaethik - Training</template>
		<creator>Administrator</creator>
		<restricted-to-user>
        	<user>b-7L</user>
    	</restricted-to-user>
	</map>
	<map>
		<name>b-7R - Training</name>
		<template>Klimaethik - Training</template>
		<creator>Administrator</creator>
		<restricted-to-user>
        	<user>b-7R</user> 
    	</restricted-to-user>
	</map>
	<map>
		<name>b-7 - Aufgabe</name>
		<template>Klimaethik - Aufgabe (coll, nso)</template>
		<creator>Administrator</creator>
		<restricted-to-user>
        	<user>b-7L</user> 
        	<user>b-7R</user>
    	</restricted-to-user>
	</map>
	
	<map>
		<name>b-8L - Training</name>
		<template>Klimaethik - Training</template>
		<creator>Administrator</creator>
		<restricted-to-user>
        	<user>b-8L</user>
    	</restricted-to-user>
	</map>
	<map>
		<name>b-8R - Training</name>
		<template>Klimaethik - Training</template>
		<creator>Administrator</creator>
		<restricted-to-user>
        	<user>b-8R</user> 
    	</restricted-to-user>
	</map>
	<map>
		<name>b-8 - Aufgabe</name>
		<template>Klimaethik - Aufgabe (coll, nso)</template>
		<creator>Administrator</creator>
		<restricted-to-user>
        	<user>b-8L</user> 
        	<user>b-8R</user>
    	</restricted-to-user>
	</map>
	
		<!-- c-users (Saturday, so) -->
	<map>
		<name>c-5L - Training</name>
		<template>Klimaethik - Training</template>
		<creator>Administrator</creator>
		<restricted-to-user>
        	<user>c-5L</user>
    	</restricted-to-user>
	</map>
	<map>
		<name>c-5R - Training</name>
		<template>Klimaethik - Training</template>
		<creator>Administrator</creator>
		<restricted-to-user>
        	<user>c-5R</user> 
    	</restricted-to-user>
	</map>
	<map>
		<name>c-5 - Aufgabe</name>
		<template>Klimaethik - Aufgabe (coll, so)</template>
		<creator>Administrator</creator>
		<restricted-to-user>
        	<user>c-5L</user> 
        	<user>c-5R</user>
    	</restricted-to-user>
	</map>
	
	<map>
		<name>c-6L - Training</name>
		<template>Klimaethik - Training</template>
		<creator>Administrator</creator>
		<restricted-to-user>
        	<user>c-6L</user>
    	</restricted-to-user>
	</map>
	<map>
		<name>c-6R - Training</name>
		<template>Klimaethik - Training</template>
		<creator>Administrator</creator>
		<restricted-to-user>
        	<user>c-6R</user> 
    	</restricted-to-user>
	</map>
	<map>
		<name>c-6 - Aufgabe</name>
		<template>Klimaethik - Aufgabe (coll, so)</template>
		<creator>Administrator</creator>
		<restricted-to-user>
        	<user>c-6L</user> 
        	<user>c-6R</user>
    	</restricted-to-user>
	</map>
	
	<map>
		<name>c-7L - Training</name>
		<template>Klimaethik - Training</template>
		<creator>Administrator</creator>
		<restricted-to-user>
        	<user>c-7L</user>
    	</restricted-to-user>
	</map>
	<map>
		<name>c-7R - Training</name>
		<template>Klimaethik - Training</template>
		<creator>Administrator</creator>
		<restricted-to-user>
        	<user>c-7R</user> 
    	</restricted-to-user>
	</map>
	<map>
		<name>c-7 - Aufgabe</name>
		<template>Klimaethik - Aufgabe (coll, so)</template>
		<creator>Administrator</creator>
		<restricted-to-user>
        	<user>c-7L</user> 
        	<user>c-7R</user>
    	</restricted-to-user>
	</map>
	
	<map>
		<name>c-8L - Training</name>
		<template>Klimaethik - Training</template>
		<creator>Administrator</creator>
		<restricted-to-user>
        	<user>c-8L</user>
    	</restricted-to-user>
	</map>
	<map>
		<name>c-8R - Training</name>
		<template>Klimaethik - Training</template>
		<creator>Administrator</creator>
		<restricted-to-user>
        	<user>c-8R</user> 
    	</restricted-to-user>
	</map>
	<map>
		<name>c-8 - Aufgabe</name>
		<template>Klimaethik - Aufgabe (coll, so)</template>
		<creator>Administrator</creator>
		<restricted-to-user>
        	<user>c-8L</user> 
        	<user>c-8R</user>
    	</restricted-to-user>
	</map>
	
	<!-- d-users (Saturday, nso) -->
		<map>
		<name>d-5L - Training</name>
		<template>Klimaethik - Training</template>
		<creator>Administrator</creator>
		<restricted-to-user>
        	<user>d-5L</user>
    	</restricted-to-user>
	</map>
	<map>
		<name>d-5R - Training</name>
		<template>Klimaethik - Training</template>
		<creator>Administrator</creator>
		<restricted-to-user>
        	<user>d-5R</user> 
    	</restricted-to-user>
	</map>
	<map>
		<name>d-5 - Aufgabe</name>
		<template>Klimaethik - Aufgabe (coll, nso)</template>
		<creator>Administrator</creator>
		<restricted-to-user>
        	<user>d-5L</user> 
        	<user>d-5R</user>
    	</restricted-to-user>
	</map>
	
	<map>
		<name>d-6L - Training</name>
		<template>Klimaethik - Training</template>
		<creator>Administrator</creator>
		<restricted-to-user>
        	<user>d-6L</user>
    	</restricted-to-user>
	</map>
	<map>
		<name>d-6R - Training</name>
		<template>Klimaethik - Training</template>
		<creator>Administrator</creator>
		<restricted-to-user>
        	<user>d-6R</user> 
    	</restricted-to-user>
	</map>
	<map>
		<name>d-6 - Aufgabe</name>
		<template>Klimaethik - Aufgabe (coll, nso)</template>
		<creator>Administrator</creator>
		<restricted-to-user>
        	<user>d-6L</user> 
        	<user>d-6R</user>
    	</restricted-to-user>
	</map>
	
	<map>
		<name>d-7L - Training</name>
		<template>Klimaethik - Training</template>
		<creator>Administrator</creator>
		<restricted-to-user>
        	<user>d-7L</user>
    	</restricted-to-user>
	</map>
	<map>
		<name>d-7R - Training</name>
		<template>Klimaethik - Training</template>
		<creator>Administrator</creator>
		<restricted-to-user>
        	<user>d-7R</user> 
    	</restricted-to-user>
	</map>
	<map>
		<name>d-7 - Aufgabe</name>
		<template>Klimaethik - Aufgabe (coll, nso)</template>
		<creator>Administrator</creator>
		<restricted-to-user>
        	<user>d-7L</user> 
        	<user>d-7R</user>
    	</restricted-to-user>
	</map>
	
	<map>
		<name>d-8L - Training</name>
		<template>Klimaethik - Training</template>
		<creator>Administrator</creator>
		<restricted-to-user>
        	<user>d-8L</user>
    	</restricted-to-user>
	</map>
	<map>
		<name>d-8R - Training</name>
		<template>Klimaethik - Training</template>
		<creator>Administrator</creator>
		<restricted-to-user>
        	<user>d-8R</user> 
    	</restricted-to-user>
	</map>
	<map>
		<name>d-8 - Aufgabe</name>
		<template>Klimaethik - Aufgabe (coll, nso)</template>
		<creator>Administrator</creator>
		<restricted-to-user>
        	<user>d-8L</user> 
        	<user>d-8R</user>
    	</restricted-to-user>
	</map>
	
</lasad-maps>

