<?xml version="1.0" encoding="UTF-8"?>
<lasad-maps>
  <map>
    <name>DiscussingMicroworlds</name>
    <template>DiscussingMicroworlds-5-template-1</template>
    <creator>Administrator</creator>
    <restricted-to-user />
  </map>
  <map>
    <name>AttitudeEnglish</name>
    <template>Attitude-English-2-template-1</template>
    <creator>Administrator</creator>
    <restricted-to-user/>
  </map>
  <map>
    <name>Lleida</name>
    <template>Lleida-2-template-1</template>
    <creator>Administrator</creator>
    <restricted-to-user/>
  </map>
</lasad-maps>

